rank,handle,name,x_username,wallet_address,address_status,total_realized_profit_usd,primary_chain,sol_balance,eth_balance,robinhood_balance,arc_balance,monad_balance,trx_balance,active_chains_count,tags,realized_profit_all_usd,realized_profit_30d_usd,realized_profit_7d_usd,realized_profit_1d_usd,winrate_all_pct,winrate_30d_pct,winrate_7d_pct,winrate_1d_pct,volume_30d_usd,volume_7d_usd,volume_1d_usd,trades_count_all,trades_count_30d,trades_count_7d,buy_count_all,sell_count_all,tokens_traded_all,avg_holding_period_sec,pnl_gt_5x_count,pnl_2x_5x_count,pnl_lt_minus_dot5_count,fund_from_address,fund_tx_hash,fund_amount_sol,followers_x,archetype,hhi_concentration,chain_entropy,network_co_holding_score
1,frankdegods,Frank,frankdegods,498g1rVnFcnjBjpfw1xyqA1WvgQXUU8RWuELjxkjAayQ,unmasked,1467081.83,solana,10.1578,10.1578,10.1578,10.1578,10.1578,10.1578,6,"['kol', 'fomo', 'top_followed', 'top_renamed']",1467081.83,547725.59,309418.22,-89.86,38.12,38.18,39.62,42.11,9271609.32,2049777.89,12568.73,7387,1340,174,3913,3474,2074,2267995.63,8,9,52,3RtSX4cwDtTWn8orFiYGxf51ig1Jr97fLFbdTMH8SEDN,5r2vvuiVkUm3iDMmbxL83AJCyE3vLA1CNRLcdX4e12yXHTFQjFJ1apMVmg1gUVGN5CZBaEUDA56DsnYwFg3FtEQc,0.05,536299,Multichain_Syndicate,0.25,1.7918,1.0
2,notdecu,decu,notdecu,4vw54BmAogeRV3vPKWyFet5yf8DTLcREzdSzx4rw9Ud9,unmasked,2679303.93,solana,1065.1359,1065.1359,1065.1359,1065.1359,1065.1359,1065.1359,6,"['photon', 'kol', 'wash_trader', 'arbitrager', 'padre', 'top_followed', 'top_renamed', 'axiom']",2679303.93,828918.92,122022.81,17721.9,61.6,63.01,66.48,64.97,5100402.84,1067481.3,159978.64,200356,41028,7708,134280,66076,3445,115073.06,3,33,47,AxiomRXZAq1Jgjj9pHmNqVP7Lhu67wLXZJZbaK87TTSk,2nMYanF4YrygmvsjEYhSFPfGQDTtngZ9QAmuj3AZTVmgLWMDAdEUdZywrB8tj84WGWhuUP2k26QTbL91fm2QvruC,0.9997,96888,Multichain_Syndicate,0.25,1.7918,3.67
3,CookerFlips,Cooker.hl | 版本之子 | (Theo Arc),CookerFlips,8deJ9xeUvXSJwicYptA9mHsU2rN2pDx37KWzkDkEXhU6,unmasked,9867438.88,solana,419.2936,419.2936,419.2936,419.2936,419.2936,419.2936,6,"['wash_trader', 'axiom', 'trojan', 'photon', 'kol', 'app_smart_money', 'gmgn_go', 'gmgn', 'top_renamed', 'top_followed']",9867438.88,625691.7,71318.27,14376.38,71.0,71.31,74.26,67.27,7549356.74,1090705.75,305830.3,106059,11821,835,71402,34657,2140,255688.32,3,12,49,DRj22bvKEMi2muGYGLMcbfaTBiNEQUdiN8xkSbeMjTuu,,3000.0,142141,Multichain_Syndicate,0.85,1.7918,1.0
4,theonomix,theo,theonomix,Bi4rd5FH5bYEN8scZ7wevxNZyNmKHdaBcvewdPFxYdLt,unmasked,3528816.35,solana,461.8528,461.8528,461.8528,461.8528,461.8528,461.8528,6,"['photon', 'kol', 'gmgn_go', 'bluechip_owner', 'padre', 'wash_trader', 'axiom', 'top_followed', 'top_renamed', 'gmgn']",3528816.35,287737.62,63303.56,10075.59,54.31,54.53,55.24,61.22,3815536.88,953870.45,119130.22,223516,21237,5109,148593,74923,2150,249279.86,0,5,14,69SNcRC8NqjHBSXEcugCN5oFKRQoKmddmWzZYc3tqtxk,4XnuZgMYdPuqoyxU8UL5PJoqoB7uwVpu14RjVMsYaGxuEbiAyS5B8HpddQKuqu2rggLRD9pd5T7X6Dqy3MwP3BhW,0.2394,13881,Multichain_Syndicate,0.85,1.7918,4.5
5,trunoest,trunoest,trunoest,ardinRsN1mNYVeoJWTBsWeYeXvuR9UUDGMsCDKpb6AT,unmasked,947521.88,solana,705.9782,705.9782,705.9782,705.9782,705.9782,705.9782,6,"['kol', 'wash_trader', 'launchpad_smart', 'arbitrager', 'bluechip_owner', 'top_followed', 'top_renamed', 'axiom']",947521.88,366654.35,62619.4,8676.64,56.1,57.05,60.0,59.68,4301318.59,670889.22,95977.73,96094,25719,4150,61266,34828,3282,156375.6,12,41,15,AxiomRXZAq1Jgjj9pHmNqVP7Lhu67wLXZJZbaK87TTSk,125omVyZBUPRdUNeupr7waw9k4r6iePvrKUUA2426P8x8e8uVFgWQZJpEeYVS1Gov7zkY26jki6gjCCDh3E9gJQo,0.0289,19412,Multichain_Syndicate,0.25,1.7918,3.33
6,Limfork,Limfork,Limfork,BQVz7fQ1WsQmSTMY3umdPEPPTm1sdcBcX9sP7o6kPRmB,unmasked,826482.29,solana,739.3962,739.3962,739.3962,739.3962,739.3962,739.3962,6,"['kol', 'bullx', 'launchpad_smart', 'axiom', 'arbitrager', 'top_followed', 'top_renamed', 'padre']",826482.29,114727.63,50092.06,8146.77,42.93,43.26,42.43,48.05,1894971.95,618172.87,74326.95,125586,8369,2966,84939,40647,2127,280398.65,1,17,27,AxiomRXZAq1Jgjj9pHmNqVP7Lhu67wLXZJZbaK87TTSk,31zWvdZT8WnevE6penppqesqDw4FC2ZiUj49qXHQL5P3WMkuRDCaUHrX2KtJfX4bdCMLHSefkSGowFvGpnjT8Nwb,0.5105,20229,Multichain_Syndicate,0.85,1.7918,1.5
7,CKcWAvvDYr,SOL_Trader_7,,CKcWAvvDYr2H3Wj3ACr5zRynrYRSzir2zE5bTf8wiUmT,unmasked,138930.92,solana,271.4071,271.4071,271.4071,271.4071,271.4071,271.4071,6,"['launchpad_smart', 'gmgn', 'gmgn_go', 'arbitrager', 'axiom']",138930.92,53037.3,36278.65,12722.14,40.82,40.04,41.47,47.16,1745327.21,765948.72,152148.53,42122,13624,6273,12934,29188,2580,23416.15,4,24,107,iGdFcQoyR2MwbXMHQskhmNsqddZ6rinsipHc4TNSdwu,2Mv49H9DCZFFjtj2N9tknnFixX6jNJqQ7L5wz3htt8WRa11VDk9JjWg9a4k4YSD6XEV4sRkw48PaGpsEQn1SKEhA,30.9793,335,Multichain_Syndicate,0.85,1.7918,1.0
8,0GAntD,OGAntD,0GAntD,215nhcAHjQQGgwpQSJQ7zR26etbjjtVdW74NLzwEgQjP,unmasked,2070807.2,solana,95.8094,95.8094,95.8094,95.8094,95.8094,95.8094,6,"['photon', 'kol', 'app_smart_money', 'gmgn', 'axiom', 'bluechip_owner', 'gmgn_go', 'arbitrager', 'top_followed', 'top_renamed', 'padre']",2070807.2,190714.23,32628.2,-18162.75,29.37,29.82,55.88,60.0,2212797.01,304211.05,63403.66,38952,1709,179,22139,16813,2104,764337.85,7,8,62,DoAsxPQgiyAxyaJNvpAAUb2ups6rbJRdYrCPyWxwRxBb,2S2wQH5wuwhkyVDfYin37RTiQ4WaoEyPQ9YiARC5n6DAJkw1kBir8XpegnxhmSQ8Fd7BDZG6J3He85yNBkwT3b4Z,75.0,36263,Multichain_Syndicate,0.25,1.7918,1.5
9,TobxG,tobx,TobxG,HmBmSYwYEgEZuBUYuDs9xofyqBAkw4ywugB1d7R7sTGh,unmasked,1680623.96,solana,1838.0911,1838.0911,1838.0911,1838.0911,1838.0911,1838.0911,6,"['kol', 'wash_trader', 'photon', 'arbitrager', 'axiom', 'top_followed', 'top_renamed']",1680623.96,69255.09,27182.49,5808.4,33.71,33.25,36.06,24.44,1962802.36,303908.03,26296.06,75655,8386,1055,39636,36019,2718,550405.5,6,22,123,AxiomRXZAq1Jgjj9pHmNqVP7Lhu67wLXZJZbaK87TTSk,3dZzQNk4Hj5Kugk254MEaCoNu6wydqCyDiod6UgQ6BJfRE37QM2Eu6m4ciQNqYuWo3RGJW2zEhHrBvxrCLbL97rm,36.6412,23763,Multichain_Syndicate,0.25,1.7918,1.0
10,3g4D4n67vU,SOL_Trader_10,,3g4D4n67vUFSDUwW8NWvzkQSUqD4J5H8zW1sbKJrrczi,unmasked,58689.85,solana,0.2027,0.2027,0.2027,0.2027,0.2027,0.2027,0,"['smart_degen', 'arbitrager', 'bluechip_owner', 'fomo']",58689.85,29515.88,26418.66,-187.12,53.85,50.0,71.43,62.5,328810.36,79358.38,7521.11,380,273,54,209,171,259,3089019.31,6,2,2,4K5sJFC3th1BxbVsZCJKR292Bny15aBKo77WRRegVx6F,63vqjrHzMUVvk2hcjEPwNJvHabL26B5DvMao73qAwAA8XhHPJwtwXqGUtmCSArudDQkNsjUWBgLdSyqQN3ZWhWXT,150.0,620,Solana_Whale_Accumulator,0.25,1.7918,1.25
11,AlxCooks_off,AlxCooks,AlxCooks_off,89HbgWduLwoxcofWpmn1EiF9wEdpgkNDEyPjzZ72mkDi,unmasked,309277.59,solana,130.0635,130.0635,130.0635,130.0635,130.0635,130.0635,6,"['kol', 'launchpad_smart', 'gmgn', 'arbitrager', 'axiom', 'top_renamed', 'top_followed', 'padre']",309277.59,25426.9,22807.44,4601.75,29.58,29.65,28.25,25.0,717841.73,307322.64,66869.15,63162,6706,3106,34197,28965,2173,623653.79,1,5,35,DoAsxPQgiyAxyaJNvpAAUb2ups6rbJRdYrCPyWxwRxBb,M8SKL1dnstrPTZrh3avZkbEdXJJLK4SBSC64jSt9BRtmhbBV3vEb5mL7ZxPDrpoaGZCYrJ986N91L86zpnxTMwN,10.0054,6286,Multichain_Syndicate,0.85,1.7918,1.5
12,imsheepsol,Sheep,imsheepsol,78N177fzNJpp8pG49xDv1efYcTMSzo9tPTKEA9mAVkh2,unmasked,836114.84,solana,21.8087,21.8087,21.8087,21.8087,21.8087,21.8087,6,"['kol', 'wash_trader', 'gmgn', 'arbitrager', 'gmgn_go', 'axiom', 'top_followed', 'top_renamed', 'padre']",836114.84,62275.21,21162.8,-846.11,56.94,56.82,54.46,38.03,1086401.41,252422.73,60387.82,63689,12655,3497,39149,24540,2120,440558.77,0,6,37,AxiomRXZAq1Jgjj9pHmNqVP7Lhu67wLXZJZbaK87TTSk,5sXv2tJRHfP64xus73nnihRZGVcMpcdtjds48RNnFWau9cxWa6rUZRsNLqafBW9URUPM3xhvP5vktZr6R7mNpbaV,16.1782,15809,Multichain_Syndicate,0.85,1.7918,4.0
13,nyhrox,nyhrox,nyhrox,6S8GezkxYUfZy9JPtYnanbcZTMB87Wjt1qx3c6ELajKC,unmasked,1816038.24,solana,368.904,368.904,368.904,368.904,368.904,368.904,6,"['photon', 'kol', 'smart_degen', 'axiom', 'arbitrager', 'top_followed', 'top_renamed', 'padre']",1816038.24,76723.89,18435.13,-8.33,13.94,13.98,17.29,0.0,1232895.01,198117.46,215.51,67273,6274,348,32785,34488,2103,640112.65,3,5,503,DoAsxPQgiyAxyaJNvpAAUb2ups6rbJRdYrCPyWxwRxBb,4KmCoS7ux5rM3eQeYhRmwbiCJVm5TcJCKC2U4KmB2zxggVkS6uvTuoTW2RsNVDSLfgdm6uoKHmX477vhDuYchLaC,0.8064,308671,Multichain_Syndicate,0.25,1.7918,1.5
14,Cupseyy,Cupsey,Cupseyy,2fg5QD1eD7rzNNCsvnhmXFm5hqNgwTTG8p7kQ6f3rx6f,unmasked,5166489.34,solana,1207.4107,1207.4107,1207.4107,1207.4107,1207.4107,1207.4107,6,"['wash_trader', 'kol', 'gmgn_go', 'arbitrager', 'gmgn', 'top_followed', 'top_renamed', 'axiom']",5166489.34,91112.08,18351.78,6096.9,39.84,39.69,39.67,44.64,3628602.76,415457.69,39138.04,409602,46289,4738,305161,104441,4000,115558.57,5,27,249,AxiomRXZAq1Jgjj9pHmNqVP7Lhu67wLXZJZbaK87TTSk,2dnDuxgWj2za1h4bMZwJHJyg586Qyjr8C2VzBYf7B7LTLENatAKvycvDEARn8mCY4reDQJxmu7m2cXumHcsiG9mG,6.7483,231158,Multichain_Syndicate,0.85,1.7918,2.0
15,TheRealZrool,Zrool 尔,TheRealZrool,99i9uVA7Q56bY22ajKKUfTZTgTeP5yCtVGsrG9J4pDYQ,unmasked,1960278.02,solana,123.5485,123.5485,123.5485,123.5485,123.5485,123.5485,6,"['bullx', 'kol', 'wash_trader', 'launchpad_smart', 'arbitrager', 'axiom', 'top_followed', 'top_renamed']",1960278.02,87398.11,18019.24,-2569.65,27.97,27.41,31.61,31.9,978857.84,437980.74,88999.3,144543,12356,4940,91438,53105,2415,352423.51,4,9,176,AxiomRXZAq1Jgjj9pHmNqVP7Lhu67wLXZJZbaK87TTSk,5bMzyMViD6WuHLTK7vUj9EcxhibuXQJN3LgToTTd8sUkmgB37w2cZt8cTmfppAFmxsGHMBsuDNqNixBAE95BsctP,22.7,30212,Multichain_Syndicate,0.85,1.7918,1.0
16,F9zT1F46HA,SOL_Trader_16,,F9zT1F46HAoPanR4NC1Yw7TyP8Z9tCavTe48mrzK7aN4,unmasked,482179.25,solana,136.4916,136.4916,136.4916,136.4916,136.4916,136.4916,6,"['launchpad_smart', 'smart_degen', 'arbitrager', 'axiom']",482179.25,108977.73,18010.58,879.57,40.48,39.79,38.43,33.78,1704975.14,338917.44,35286.34,37522,10969,2125,16802,20720,3400,378877.83,7,36,132,5tzFkiKscXHK5ZXCGbXZxdw7gTjjD1mBwuoFbhUvuAi9,4tpXZCaqM4p4qpgZPzFUvsobvw254iQkZktJkPdDQraVV65VBQ5mLaZWVMTUa8WkQf7RSbmaNjFrrpgFg2ARUvGN,14.7226,1693,Multichain_Syndicate,0.85,1.7918,2.0
17,2kW5wLFQw1,SOL_Trader_17,,2kW5wLFQw1wLuepZTJux1DZsTJSbNi2PGQ1E6hC7xeY8,unmasked,225354.88,solana,177.1721,177.1721,177.1721,177.1721,177.1721,177.1721,6,"['launchpad_smart', 'arbitrager', 'padre']",225354.88,54143.72,16252.9,-0.93,52.23,52.49,55.81,0.0,466242.04,66772.34,0.0,9384,1553,132,4202,5182,2104,1010362.75,8,74,93,B48kNVXs4YK4amkBCH2XokQiv1SeiVQGHDR17xDeKAAn,2g32MHKzQ2JrjEisXPAYSZxbv79Z7J2CrA4nZcMWQ39P3e3h9YvNk8JugQrJGuDe4CqTQjzS5DQ3pTHqb4bUGeHf,2.4654,2252,Multichain_Syndicate,0.85,1.7918,1.5
18,Tahifn,Tahi,Tahifn,5x8tfrJSn4Pt5gjQEMWDnoLvAzZ8rgJVTXiTpcwhbxmN,unmasked,698275.6,solana,0.8722,0.8722,0.8722,0.8722,0.8722,0.8722,0,"['photon', 'kol', 'top_followed', 'top_renamed', 'axiom']",698275.6,23552.44,15385.38,15385.38,38.31,35.48,50.0,50.0,87963.86,29151.03,29151.03,10003,480,93,4325,5678,2014,135668.67,17,39,175,AuBg2B2kxL6tPzgU6UNEYmNPqf7UrqiLkHhMUqpURKzL,,88.0,57474,Solana_Whale_Accumulator,0.25,1.7918,1.67
19,radiancebrr,radiance,radiancebrr,FAicXNV5FVqtfbpn4Zccs71XcfGeyxBSGbqLDyDJZjke,unmasked,1564678.69,solana,20.62,20.62,20.62,20.62,20.62,20.62,6,"['kol', 'launchpad_smart', 'smart_degen', 'wash_trader', 'padre', 'arbitrager', 'top_renamed', 'top_followed', 'axiom']",1564678.69,113413.69,14937.02,188.83,37.89,36.56,34.65,30.56,1494503.77,301381.54,31520.83,69168,11292,2070,34524,34644,3420,318168.41,15,64,116,AxiomRXZAq1Jgjj9pHmNqVP7Lhu67wLXZJZbaK87TTSk,2WHtzZN2Yp1wat52LwstF9DFNaU95Tj3PMiKHJVE8e4EpE91kZoWx7ekn62vYJbUPbFhEoaU5DvAsHoRHZuyePmk,13.6755,11921,Multichain_Syndicate,0.85,1.7918,2.0
20,H2KMZofxpU,SOL_Trader_20,,H2KMZofxpUdcvg6uyFi4so4xx6cD8WeGbb3w1gkCNt2v,unmasked,20516.92,solana,203.2109,203.2109,203.2109,203.2109,203.2109,203.2109,6,"['smart_degen', 'arbitrager', 'axiom']",20516.92,14366.94,14465.07,0.0,46.41,57.14,100.0,0.0,20946.91,20438.9,0.0,1137,108,102,375,762,241,29476.91,2,10,33,2jJdehDHxXQMD7DBXsmbnJR72K4tuX92o5P45SzW16Xh,2pYTRdcTDfvPQD78hKUgxxYWWjX3CEVbHD6uVojQXYKHnzrq7HfWSS5wZDU9eERe1p1EnHQZfy1ixKTLvgn2Rfir,16.4998,114,Multichain_Syndicate,0.25,1.7918,1.0
21,Cupseyy,Cupsey,Cupseyy,suqh5sHtr8HyJ7q8scBimULPkPpA557prMG47xCHQfK,unmasked,31256432.5,solana,5.5125,5.5125,5.5125,5.5125,5.5125,5.5125,6,"['kol', 'photon', 'wash_trader', 'arbitrager', 'top_renamed', 'top_followed', 'axiom']",31256432.5,89441.64,14002.84,6898.99,39.92,39.87,40.24,45.05,2691677.02,318485.09,33171.95,564272,38262,4367,363597,200675,4000,1157634.65,16,50,255,7NAd2EpYGGeFofpyvgehSXhH5vg6Ry6VRMW2Y6jiqCu1,Q7BkmjBt5t2ZKAjjhNq5rnNv2BVhAbkXA6TQRjgj9gpGzBmcrSuLVN9cGT2k7eoaDW9je6UyxgS1WNCg1z8M1ne,1.0,231158,Multichain_Syndicate,0.85,1.7918,2.0
22,pr6spr,Ethan Prosper,pr6spr,sAdNbe1cKNMDqDsa4npB3TfL62T14uAo2MsUQfLvzLT,unmasked,646684.43,solana,354.7832,354.7832,354.7832,354.7832,354.7832,354.7832,6,"['kol', 'app_smart_money', 'gmgn', 'wash_trader', 'axiom', 'gmgn_go', 'padre', 'arbitrager', 'top_followed', 'top_renamed']",646684.43,72217.22,13755.03,0.0,33.51,34.44,47.37,0.0,670569.89,36541.57,0.0,44621,1747,105,22634,21987,2079,1035687.4,1,4,29,7E9jfxCczubz4FXkkVKzUMHXGwzJxyppC4m7y3ew8ATg,28SBpnjA9uBrYAsEZRWfa9peJFM3SpWY5CKvjo2HXhym1wKtcMdNra9JwytkDGjdiXupnBk5fH9ZDnD7cK129TvM,0.1134,32196,Multichain_Syndicate,0.25,1.7918,1.0
23,daumenxyz,Daumen,daumenxyz,8MaVa9kdt3NW4Q5HyNAm1X5LbR8PQRVDc1W8NMVK88D5,unmasked,1377464.0,solana,16.489,16.489,16.489,16.489,16.489,16.489,6,"['photon', 'kol', 'app_smart_money', 'wash_trader', 'gmgn_go', 'gmgn', 'arbitrager', 'axiom', 'top_renamed', 'top_followed', 'padre']",1377464.0,78088.47,12917.25,67.56,43.22,42.94,54.76,53.85,707091.54,189827.08,33002.93,70585,10950,2637,43109,27476,2299,1425274.57,6,11,297,9wBGhbwCtRNBPdnJrvPhH5ucYZxSGrHhcZgti56cwzJ4,,0.32,132350,Multichain_Syndicate,0.25,1.7918,2.2
24,CryptoRilsio,Rilsio,CryptoRilsio,4fZFcK8ms3bFMpo1ACzEUz8bH741fQW4zhAMGd5yZMHu,unmasked,289220.7,solana,22.0438,22.0438,22.0438,22.0438,22.0438,22.0438,6,"['kol', 'arbitrager', 'axiom', 'padre', 'top_renamed', 'top_followed', 'gmgn']",289220.7,71851.75,12776.79,1855.38,49.25,49.39,41.3,36.0,487599.46,128416.18,15110.58,14737,2469,740,9007,5730,2027,744156.97,0,4,4,G7GmV29ghQc1beTw5ShxAQHWEw6qMXA6SUhxdPSMkuMy,4j8XUkrFS2WrofM9kepf4oXT2wv6ffyqHQt5qLVZ2UzPZYAvKukfF2iV9VZrj2u27nBCH4e3mDq8nm8tW6Z62rW,0.447,11952,Multichain_Syndicate,0.85,1.7918,1.5
25,0xLake,Lake,0xLake,67Nwfi9hgwqhxGoovT2JGLU67uxfomLwQAWncjXXzU6U,unmasked,214292.14,solana,88.0297,88.0297,88.0297,88.0297,88.0297,88.0297,6,"['gmgn', 'kol', 'launchpad_smart', 'padre', 'arbitrager', 'gmgn_go', 'wash_trader', 'top_followed', 'top_renamed', 'axiom']",214292.14,44339.26,12074.22,3408.21,29.42,30.53,33.56,37.21,1077066.88,209481.87,18310.38,65896,7965,1899,36241,29655,2671,996559.16,8,16,102,AxiomRXZAq1Jgjj9pHmNqVP7Lhu67wLXZJZbaK87TTSk,3GuJi3fomkScnm6kn5j9GV2aUEaVhA4yB1ZuJiVenrFbbXvcu2yNdYsekahjcPQz8KedqBraPxsm7RsCVGkytyJv,0.4944,7355,Multichain_Syndicate,0.25,1.7918,1.0
26,J56M2D9Bei,SOL_Trader_26,,J56M2D9BeigqKVTNGSegVho8s8d9XtFueFDurN5z9Fxf,unmasked,90150.03,solana,78.0345,78.0345,78.0345,78.0345,78.0345,78.0345,6,"['smart_degen', 'gmgn']",90150.03,85349.86,10230.8,8711.7,26.45,23.69,34.83,56.52,638529.84,155507.69,48819.58,1331,1086,237,615,716,489,510407.51,10,12,195,47zr92fSFaYTwQAgmtttZpZ8YygN5Qe61ZUQRDwHKg8x,5tjre8fqQmn8QS5dgZ5J6reb624oZDTqhMBmHcgh55kgVj3zi9rzagqBd6gYaEQ5NEp9g5Pia9EG8hiM6sXJojmh,29.0,933,Multichain_Syndicate,0.25,1.7918,2.0
27,itsthurstxn,Thurston (zapped arc),itsthurstxn,ALauG4FwEYDgSXd5Hen6kvuWSCdUi2fYNSNqM1Ci31wE,unmasked,5633.76,solana,5.1527,5.1527,5.1527,5.1527,5.1527,5.1527,6,"['kol', 'gmgn_go', 'axiom']",5633.76,4491.27,9684.55,-87.87,19.73,19.73,19.5,0.0,199946.95,68863.43,465.63,3467,1767,562,1744,1723,2126,618622.68,3,5,45,HHHbgksD8TPuMMfJJdhmGsPgo6CMvkb1BuMCihyVCWum,,0.03,3470,Multichain_Syndicate,0.85,1.7918,1.0
28,jijo_exe,jijo,jijo_exe,4BdKaxN8G6ka4GYtQQWk4G4dZRUTX2vQH9GcXdBREFUk,unmasked,4799547.57,solana,2290.8827,2290.8827,2290.8827,2290.8827,2290.8827,2290.8827,6,"['kol', 'photon', 'launchpad_smart', 'arbitrager', 'top_followed', 'top_renamed', 'padre']",4799547.57,76039.66,8449.69,505.03,57.89,57.99,53.23,75.0,567171.76,71078.71,4493.68,80441,2659,297,47268,33173,2121,769737.56,2,15,14,93wnvyEPjx8U5CU3pJw9vBNRDTq6n29mKJitBKgABNX2,2u95Zme9XbuqafwwqFGN8xshqMu4SnGthTqKaCdtB2A2dA3KD48FWRZEgYKEKYQz9o7k6aWct9HZrVz2BSEAQipU,0.0581,31853,Multichain_Syndicate,0.85,1.7918,1.0
29,wukong_bl,Wukong,wukong_bl,AcKpsk3AKJR8YiTrHr2XCFZ2WV8gcM3zjgcr4P1MjHD1,unmasked,446995.45,solana,2.9514,2.9514,2.9514,2.9514,2.9514,2.9514,6,"['app_smart_money', 'launchpad_smart', 'trojan', 'gmgn_go', 'gmgn']",446995.45,38636.23,8353.56,1256.48,27.11,28.13,34.45,31.11,1019430.26,140669.94,23131.65,38105,3685,387,18409,19696,2109,605823.59,27,62,264,3yaQXG7CExsmktuewPNniAnFXhx7axAAEHRz1TRMVmYE,,0.25,247,Multichain_Syndicate,0.25,1.7918,1.25
30,meechie,meechie,meechie,9iaawVBEsFG35PSwd4PahwT8fYNQe9XYuRdWm872dUqY,unmasked,530803.78,solana,4.3131,4.3131,4.3131,4.3131,4.3131,4.3131,6,"['kol', 'arbitrager', 'padre', 'top_followed', 'top_renamed', 'axiom']",530803.78,42876.61,8056.91,2683.43,17.07,16.84,15.26,8.74,1248001.1,224458.6,14761.75,25068,8253,1703,10500,14568,2411,73820.7,5,12,1127,HjuvLWkeoRVuiDCVjZeWrj3cYzG2KV9CExqEJqJQJqJA,DFRN6qZGkDFbWUp8cogkF3cxZFXCryYNntgkinDMXYGiKNPSYwYiEwPfgfFrCcsq9DeRjaxonYBPSQPXQyUVQTJ,2.999,100593,Multichain_Syndicate,0.25,1.7918,2.4
31,FK5z4HVnGC,SOL_Trader_31,,FK5z4HVnGCLbMNATcAVm81551Ng6NZU6uRFezzMKdF3k,unmasked,333484.91,solana,431.3073,431.3073,431.3073,431.3073,431.3073,431.3073,6,"['launchpad_smart', 'bluechip_owner', 'arbitrager', 'axiom']",333484.91,38615.76,7845.29,1419.31,43.78,39.86,34.18,43.59,493580.56,104967.6,19221.02,27584,2459,567,10682,16902,2411,72664.36,24,117,155,67xTb6B9G5Dv2E33nhfKwVrNzSZJdeFVoG3YLtm1pkyH,,2.0054,1198,Multichain_Syndicate,0.85,1.7918,1.0
32,000xy_0,000,000xy_0,FVZRwUp6E4m9jV4VumF8q7m8q3mF9fpikRrJSCCfFAdP,unmasked,92635.67,solana,661.0199,661.0199,661.0199,661.0199,661.0199,661.0199,6,"['launchpad_smart', 'gmgn_go', 'gmgn']",92635.67,13580.78,6650.12,0.0,51.26,80.95,100.0,0.0,32776.61,14026.75,0.0,9750,98,43,3969,5781,2024,13720.07,1,31,93,FoiqCdrx17hWeZLqoPpEjNsPcQXbXZL3EKLoDZdKsHAm,,13.5824,1137,Multichain_Syndicate,0.85,1.7918,1.0
33,ohzarke,ozark,ohzarke,DZAa55HwXgv5hStwaTEJGXZz1DhHejvpb7Yr762urXam,unmasked,1751962.95,solana,94.0623,94.0623,94.0623,94.0623,94.0623,94.0623,6,"['bullx', 'kol', 'axiom']",1751962.95,23314.8,6272.07,1303.14,34.45,34.4,33.52,37.93,547101.9,82498.58,10547.27,92840,4281,740,56059,36781,2455,627311.66,0,9,54,AxiomRXZAq1Jgjj9pHmNqVP7Lhu67wLXZJZbaK87TTSk,4x7WoXnMT2CJ5p1JER4BVcRtAPXmUJdbmbrvxBE38rFyMnUDkhgZYBzJ1GdF6NZVAPjnsmw1EEmPTMydTRDPFnjX,0.3936,21889,Multichain_Syndicate,0.85,1.7918,1.0
34,CWryqL8F79,SOL_Trader_34,,CWryqL8F79bCUPfRMnFHxXpJEyW5TixWe59hEuFXWYnD,unmasked,244318.37,solana,22.0925,22.0925,22.0925,22.0925,22.0925,22.0925,6,"['smart_degen', 'photon', 'launchpad_smart', 'arbitrager', 'axiom']",244318.37,27193.2,6074.74,849.83,32.13,31.01,30.84,34.38,676262.38,112895.69,16811.16,54926,8347,1585,23267,31659,2988,314640.57,11,36,121,6R7PFopbwrgTPbbM4wWE2LPLuGJ16FvvYmGiMKANAwd9,5rYjQQ5MF5CKmGeLRzf4SzY97o3M9wJ2V2h8JyNnJcgsJTgwQMHZiG7KgeC73kgUwJGEegUZdhpC1u4LRYkvCq3t,0.0032,719,Multichain_Syndicate,0.85,1.7918,1.0
35,Go9BEhJGCp,SOL_Trader_35,,Go9BEhJGCpbXFzky6SWcofqQyuiKrtE1m9Knx1aiZCc8,unmasked,48544.59,solana,58.985,58.985,58.985,58.985,58.985,58.985,6,"['launchpad_smart', 'arbitrager', 'axiom']",48544.59,25686.39,5805.87,1035.43,44.77,44.5,43.03,39.54,880210.05,339983.8,84875.29,42482,10898,3845,19474,23008,2759,3642.91,2,9,35,5tzFkiKscXHK5ZXCGbXZxdw7gTjjD1mBwuoFbhUvuAi9,SuFz1H6mBAgbpJHuT1rzShWpkaox43VesiBM6czJ86ijdaZkVdTukeEgiZGGfpYbMC4Aqe99MRakNMQFQihSpH8,6.3394,129,Multichain_Syndicate,0.85,1.7918,1.0
36,5zV5iXB54R,SOL_Trader_36,,5zV5iXB54RmCoVV5B5MfmiD14NhbxRXRgtsEBcw4yn1y,unmasked,58695.93,solana,53.2845,53.2845,53.2845,53.2845,53.2845,53.2845,6,"['launchpad_smart', 'arbitrager', 'axiom']",58695.93,13360.59,5764.12,-23.2,36.1,32.91,34.95,50.0,288720.35,63244.84,900.73,10397,2856,674,5633,4764,2260,4306.96,21,61,128,5tzFkiKscXHK5ZXCGbXZxdw7gTjjD1mBwuoFbhUvuAi9,2kiXNW1rSWuZ3xwDrmu7mfVy7ZUPWMBFbuZfArceZRKcTh1KqfQ1HFBtYULQc84EMWc9HQSxkpEBvWLMhjmx1WGX,14.8267,163,Multichain_Syndicate,0.85,1.7918,1.0
37,LeckSol,Leck,LeckSol,98T65wcMEjoNLDTJszBHGZEX75QRe8QaANXokv4yw3Mp,unmasked,115074.05,solana,18.9848,18.9848,18.9848,18.9848,18.9848,18.9848,6,"['bullx', 'kol', 'wash_trader', 'arbitrager', 'axiom', 'padre', 'top_renamed', 'top_followed']",115074.05,26724.24,5717.25,0.0,30.15,29.96,29.37,0.0,1126043.0,106177.39,0.0,79594,8658,737,48371,31223,2245,472557.47,3,15,77,BmrLoL9jzYo4yiPUsFhYFU8hgE3CD3Npt8tgbqvneMyB,,0.9905,21765,Multichain_Syndicate,0.85,1.7918,1.0
38,5QXMkhu3yc,SOL_Trader_38,,5QXMkhu3ycDtwsbkpE7xfVYtUiJxFBg8BU16KzbCkvkx,unmasked,23735.36,solana,64.8143,64.8143,64.8143,64.8143,64.8143,64.8143,6,"['smart_degen', 'launchpad_smart', 'arbitrager', 'axiom']",23735.36,10653.27,5592.76,173.02,38.16,31.93,35.04,28.17,801044.6,352337.1,34008.85,13488,3360,1492,5750,7738,2255,9693.3,0,1,13,Hpsru74dZPXKs7BkWtg8aBitT4SceupPj8bohuXg4cEf,VMo2poQ35vuJdK8e7BRGEznkKFEMsHV2diF3wReedoo6QkPWhDER93VoTsowLXYnUGBchworVQWdZKHF4DPkCYS,20.3099,115,Multichain_Syndicate,0.85,1.7918,1.0
39,Latuche95,Latuche,Latuche95,GJA1HEbxGnqBhBifH9uQauzXSB53to5rhDrzmKxhSU65,unmasked,2605061.53,solana,30.5123,30.5123,30.5123,30.5123,30.5123,30.5123,6,"['kol', 'app_smart_money', 'photon', 'smart_degen', 'gmgn_go', 'gmgn', 'arbitrager', 'padre', 'top_followed', 'top_renamed']",2605061.53,54007.25,5337.08,-328.85,42.86,44.36,42.01,33.33,1045599.85,203887.37,1244.95,75367,3598,825,39002,36365,2150,464119.49,4,9,27,2QUeKDE6Zmusj6FcTzc6evX2T3TmL3Ry4MsmzumsuATV,,20.0,33898,Multichain_Syndicate,0.85,1.7918,1.0
40,4k92XBen2o,SOL_Trader_40,,4k92XBen2ofaTYi5ntXX9TVjMPgFaaZRK5K8UmtLKqez,unmasked,415183.03,solana,6.7973,6.7973,6.7973,6.7973,6.7973,6.7973,6,"['launchpad_smart', 'arbitrager', 'axiom']",415183.03,125587.63,4853.6,-21.06,42.3,39.96,35.46,16.67,1891549.3,67547.74,4661.53,43990,14992,474,22193,21797,3171,341710.85,45,98,212,G2YxRa6wt1qePMwfJzdXZG62ej4qaTC7YURzuh2Lwd3t,xvdKtAzNqxdX7LRGuB48eLi79WVYf8ggzbrKZNnv3GK62WmYpvZFNAhuQHEgwoWExXjedmaBimGEoHncLpZsDz2,146.6704,2600,Multichain_Syndicate,0.85,1.7918,1.0
41,baolingD,宝灵灯C,baolingD,GvVrJwDVTaKZkcvVVDB9RdoBv9zErKqqvps1wpFGyoK9,unmasked,6875.11,solana,4.5274,4.5274,4.5274,4.5274,4.5274,4.5274,6,"['gmgn_go', 'kol', 'gmgn']",6875.11,6875.11,4653.46,0.0,32.11,32.11,28.21,0.0,301773.9,143816.64,0.0,872,872,354,332,540,236,10778.51,0,2,20,6vH3cGcwCZWTEijepLNBgfq86bdWJNFfZ4nBFX4UewDi,4CMMkKbVyeFepvTF4kX55cMaQwsbVSu6kV6iFWLsR32VJW5RbuWU5cWwB5a457mA5SNtNmukL7cebpGoPUpCNBRX,0.6041,18795,Multichain_Syndicate,0.85,1.7918,1.0
42,3wERCwv3th,SOL_Trader_42,,3wERCwv3tht8ZtQurP2or8KGon6Q8nWXcBKxAuXcBS9G,unmasked,52010.48,solana,13.3363,13.3363,13.3363,13.3363,13.3363,13.3363,6,"['smart_degen', 'arbitrager', 'axiom']",52010.48,14643.21,4533.45,126.38,60.84,56.61,56.5,48.94,552144.74,133720.04,26687.56,14260,3549,874,7285,6975,2323,112998.01,0,1,26,AxiomRXZAq1Jgjj9pHmNqVP7Lhu67wLXZJZbaK87TTSk,3hebQo2fPeEapWsUVkb3JSWD9MsMerv7cK7WrgPJ5D1Zh8zAmM3qkN2pkRuu2FEDNDyzuPN3zSdjt4grZbYDPAyA,0.0296,194,Multichain_Syndicate,0.85,1.7918,1.0
43,9f5ywdCDA4,SOL_Trader_43,,9f5ywdCDA4QhSktBomozpHmZfSLqS6J9VqCrRehYWh1p,unmasked,80499.95,solana,13.0659,13.0659,13.0659,13.0659,13.0659,13.0659,6,"['launchpad_smart', 'padre', 'axiom']",80499.95,7623.25,4381.59,35.39,17.2,16.93,36.54,50.0,603714.53,44172.58,5336.51,93788,8821,1215,57760,36028,2324,89953.78,0,5,909,AxiomRXZAq1Jgjj9pHmNqVP7Lhu67wLXZJZbaK87TTSk,3nzHoc6jGTp5YMw9QEq1tMz3zrCJm1VQjgoD8FWxN46Y4nRhcFaf6kkCEFoiPmR3GWLp6YtAHkrh8RCfMZyydu7u,5.8286,1929,Multichain_Syndicate,0.85,1.7918,1.0
44,HZGy7Kwh5U,SOL_Trader_44,,HZGy7Kwh5UvhnPjCSmkB4e8G6t8ZeREsWTFhhK7as39B,unmasked,280839.82,solana,26.6356,26.6356,26.6356,26.6356,26.6356,26.6356,6,"['padre', 'launchpad_smart']",280839.82,12910.88,4345.27,459.41,58.04,58.52,57.39,62.65,518983.08,183235.99,19310.28,51079,3598,1288,25595,25484,2021,31866.64,0,0,13,6UyudLaMTJnW4TA3usw1YUjjG74Tqxmr1x28HZ6Gr2Ci,,0.5208,682,Multichain_Syndicate,0.85,1.7918,1.0
45,GPLmVnDTjo,SOL_Trader_45,,GPLmVnDTjo4f6zsKQLzuzvqRouCNrnA6LPJyGw1iL8aW,unmasked,71801.4,solana,3.0442,3.0442,3.0442,3.0442,3.0442,3.0442,6,"['smart_degen', 'gmgn_go', 'padre', 'arbitrager', 'axiom']",71801.4,10523.54,4042.05,-152.93,28.65,29.49,31.96,32.73,1151361.83,166862.94,31098.0,40313,7932,1227,18833,21480,2790,54054.81,9,48,178,AxiomRXZAq1Jgjj9pHmNqVP7Lhu67wLXZJZbaK87TTSk,5H1RvtgQCoqVHjGae47iaQKvi3WtFLGoJwV1PvsNcFCREdFhLRc4hCBWyL4rfjuAmtjVBgopwSbitLjL84kLzJsK,0.45,308,Multichain_Syndicate,0.85,1.7918,1.0
46,8JnYKzhqwR,SOL_Trader_46,,8JnYKzhqwRJYdCFuurioBWyXq7J5JLBA6mbdLZZo7tuQ,unmasked,110576.88,solana,55.337,55.337,55.337,55.337,55.337,55.337,6,"['launchpad_smart', 'arbitrager', 'gmgn', 'axiom']",110576.88,3054.51,3974.57,4435.71,29.44,29.44,31.59,34.48,1467480.05,209635.68,34846.63,45074,8662,2267,22697,22377,2687,45091.79,16,59,331,G2YxRa6wt1qePMwfJzdXZG62ej4qaTC7YURzuh2Lwd3t,3Skupy78pqMDNjRLsZ7uYkMhDbbKTB4j5iJJGiVnHd49PrFFSE3K1Thsv9q33ckjiTYECNMd4VtBXNBJs8u3TMyP,9.7008,602,Multichain_Syndicate,0.85,1.7918,1.0
47,untaxxable,idontpaytaxes,untaxxable,2T5NgDDidkvhJQg8AHDi74uCFwgp25pYFMRZXBaCUNBH,unmasked,356041.87,solana,1744.0709,1744.0709,1744.0709,1744.0709,1744.0709,1744.0709,6,"['photon', 'kol', 'wash_trader', 'launchpad_smart', 'arbitrager', 'top_renamed', 'top_followed', 'padre']",356041.87,48565.71,3890.35,5602.19,43.76,44.14,45.34,46.15,655074.33,103877.59,13117.7,24897,5193,1022,14137,10760,2140,551515.6,3,8,15,6qkh2JcHt3ctFeiL4HBn1e9NU5aPw25XNhtgEv6ZCJ4U,,0.9913,33503,Multichain_Syndicate,0.85,1.7918,1.0
48,VeloceSVJ,Veloce,VeloceSVJ,2W14ahXD3XBfWJchQ4K5NLXmguWWcTTUTuHDhEzeuvP3,unmasked,146710.55,solana,85.9912,85.9912,85.9912,85.9912,85.9912,85.9912,6,"['axiom', 'kol', 'launchpad_smart', 'gmgn_go', 'padre', 'gmgn', 'top_followed', 'top_renamed']",146710.55,4119.93,3843.06,209.07,37.07,37.35,31.25,33.33,383483.82,36601.15,2675.76,25819,2599,216,15235,10584,2059,872365.99,1,14,22,BmFdpraQhkiDQE6SnfG5omcA1VwzqfXrwtNYBwWTymy6,,2.0189,7719,Multichain_Syndicate,0.85,1.7918,1.0
49,KayTheDoc,Doc ,KayTheDoc,DYAn4XpAkN5mhiXkRB7dGq4Jadnx6XYgu8L5b3WGhbrt,unmasked,1361645.91,solana,106.4298,106.4298,106.4298,106.4298,106.4298,106.4298,6,"['trojan', 'kol', 'app_smart_money', 'smart_degen', 'arbitrager', 'padre', 'axiom', 'top_followed', 'top_renamed']",1361645.91,33157.58,3742.43,706.7,37.15,37.36,38.19,37.21,621146.69,148217.6,40339.76,45680,3042,595,27165,18515,2203,766946.0,3,15,57,FizKiTGdWd78B6cyUCUjERAZ3zdHsT6PdUmgwaFUFZZe,,0.98,38715,Multichain_Syndicate,0.85,1.7918,1.0
50,fihonx,fih ,fihonx,AE4MPGvpMeCA7MwUakAxAQZTzcijPAXcFsoAQmtLrL4V,unmasked,81421.15,solana,111.6302,111.6302,111.6302,111.6302,111.6302,111.6302,6,"['kol', 'launchpad_smart', 'smart_degen', 'gmgn_go', 'arbitrager', 'gmgn']",81421.15,8672.06,3741.84,839.65,61.05,60.25,59.56,63.64,166642.46,98065.32,11979.26,8571,1042,623,4327,4244,2033,385493.97,4,5,20,EyM5QxKepF6nQYTbEccbgBGXaMcBDkjczPQVXf2pRzAy,wYPNzdUJwGmufSL2CnWZk5fApWL5ZsZpVGQ6PBThd9VkesJMFLAEAqYTffw7nF7P2aWVVWs91VEgAYfjtW5JNnY,1.2,4077,Multichain_Syndicate,0.85,1.7918,1.0
51,AreSXNRAsn,SOL_Trader_51,,AreSXNRAsnwrKaQvg2H5trpQNqfprRPT62Y5EDU5h7xf,unmasked,109628.91,solana,453.0931,453.0931,453.0931,453.0931,453.0931,453.0931,6,"['launchpad_smart', 'padre', 'arbitrager', 'axiom']",109628.91,28155.76,3685.83,1055.29,46.13,42.6,40.84,36.59,878045.34,185928.07,20490.16,8448,3432,742,3793,4655,2406,6773.14,0,11,31,AxiomRXZAq1Jgjj9pHmNqVP7Lhu67wLXZJZbaK87TTSk,2yWFwPi2ruGPwwMzUXEK5uAx1w7Bc19k9q9DPtmdq9Z9jdNDfMxp6S9CXfUEhqjdF5rqKgD3uN15GP6sP52mgUSR,0.0204,209,Multichain_Syndicate,0.85,1.7918,1.0
52,waffloki,waffles ,waffloki,4jCZyZar7EzWACSrh1c589th8hNTD6vZmqdr5m5JdGnj,unmasked,-17245.73,solana,0.0257,0.0257,0.0257,0.0257,0.0257,0.0257,0,"['kol', 'arbitrager']",-17245.73,16283.84,3513.08,1217.41,40.36,27.27,42.11,50.0,214595.63,34947.25,13035.6,6495,381,77,3826,2669,2065,2783297.38,10,29,487,pavuxNy1DPAtMrHSviTSSmSVNZebs5ZJTzKzhiDStgg,,0.0014,5836,Solana_Whale_Accumulator,0.85,0.5638,1.0
53,ashtoshii,Ashtoshii,ashtoshii,8MoW9mtbEz6z3gPuAdYb1yWhjCAxQSYqpcTb1CQgN5qb,unmasked,218032.44,solana,596.4895,596.4895,596.4895,596.4895,596.4895,596.4895,6,"['kol', 'smart_degen', 'gmgn_go', 'arbitrager', 'padre', 'top_followed', 'gmgn']",218032.44,57055.89,3505.6,-657.37,38.59,37.26,36.23,25.0,812423.26,58185.95,3666.29,10891,2240,188,5463,5428,2094,574549.06,4,19,101,3uCdFc9K3qSpuQdyUNcdcyQe3GGmbab6xfT6u1dH5r6t,,5.0,33853,Multichain_Syndicate,0.85,1.7918,1.0
54,trenchguerilla,Trench Guerilla ,trenchguerilla,9St6ETbe3CFitw6UNSd8kg7kZ6STXy71wEGiERqQj89U,unmasked,46203.02,solana,0.8141,0.8141,0.8141,0.8141,0.8141,0.8141,0,"['kol', 'gmgn_go', 'arbitrager', 'padre', 'axiom', 'gmgn']",46203.02,15628.32,3287.88,-151.88,22.64,22.92,29.35,30.77,339030.5,105026.09,5022.25,15432,2068,470,10435,4997,2059,25821.61,1,4,64,69SNcRC8NqjHBSXEcugCN5oFKRQoKmddmWzZYc3tqtxk,PZtzEa1FZmomT3EyJKxteQSWJ9Pej83iXEjaMkdepNFgCtEJZdgzSBjqJNxJx9q5ALuqZZz7HrGsmP22KppAJXS,0.1202,4747,Solana_DEX_Scalper,0.85,1.7918,1.0
55,Unipioneer,0xᴜᴇzhᴀng|985.eth,Unipioneer,Gf9XgdmvNHt8fUTFsWAccNbKeyDXsgJyZN8iFJKg5Pbd,unmasked,1377995.45,solana,35.0344,35.0344,35.0344,35.0344,35.0344,35.0344,6,"['kol', 'app_smart_money', 'gmgn_go', 'arbitrager', 'gmgn', 'top_renamed', 'top_followed']",1377995.45,7917.0,3120.84,0.0,57.89,44.94,45.45,0.0,128324.68,15093.45,0.0,9347,369,23,4858,4489,2054,13883379.05,33,60,121,DTE4XFZQAxJiFiWSkjLmzFKWtThiotedNew7824e2ugx,,1.0,53493,Multichain_Syndicate,0.85,1.7918,1.0
56,4XMPyWFsYd,SOL_Trader_56,,4XMPyWFsYdNcCN4FG8geyytyTeUNacn4QundBzMqbGGT,unmasked,1068902.99,solana,0.3901,0.3901,0.3901,0.3901,0.3901,0.3901,0,"['photon', 'launchpad_smart', 'smart_degen', 'gmgn_go', 'arbitrager', 'axiom', 'top_followed', 'top_renamed']",1068902.99,6486.13,2941.2,0.0,48.15,44.24,61.54,0.0,55051.79,8345.88,0.0,72546,870,49,44177,28369,2102,43954.88,5,15,117,AxiomRXZAq1Jgjj9pHmNqVP7Lhu67wLXZJZbaK87TTSk,2kiQDbNXp5Q14CnboNAQwrfGBr4GftTH5Qihf3TfhwzodcfJfta4VeJPtiWao45VegdzMd4NvgJDnRpZrYJ1Dzw7,0.5098,16250,Solana_Mega_Whale,0.85,1.7918,1.0
57,thejester,jester,thejester,4s2WzRLa35FB58bZY1i4CN3WoywJeuYrGYHnTKFsT23z,unmasked,231294.8,solana,0.2848,0.2848,0.2848,0.2848,0.2848,0.2848,0,"['kol', 'wash_trader', 'arbitrager', 'gmgn', 'gmgn_go', 'axiom', 'padre', 'top_followed']",231294.8,18711.26,2799.98,9.54,40.0,47.76,52.63,100.0,155537.6,60297.53,609.62,11591,579,96,4553,7038,2089,943939.11,1,2,5,ASTyfSima4LLAdDgoFGkgqoKowG1LZFDr9fAQrg7iaJZ,,0.199,11713,Solana_Whale_Accumulator,0.85,1.7918,1.0
58,AyVr86YXLg,SOL_Trader_58,,AyVr86YXLg5ZC2JgLjPQYWvxjr74sC7CBGMznoStNzao,unmasked,29103.51,solana,33.705,33.705,33.705,33.705,33.705,33.705,6,"['launchpad_smart', 'arbitrager', 'axiom']",29103.51,13644.85,2703.57,450.35,37.95,38.09,37.84,37.74,240480.42,42264.15,7648.14,16640,6080,1188,8019,8621,2461,8955.99,11,67,80,5tzFkiKscXHK5ZXCGbXZxdw7gTjjD1mBwuoFbhUvuAi9,2DJdGvCs8pSFP9te24Tgqivyg2Y9F6dg4bUL95sQ5vyEMp5YbSRMWuddRnxrXhPcTBk43hmHFnEziqwb7n8GQygg,13.846,76,Multichain_Syndicate,0.85,1.7918,1.0
59,solvenant,,solvenant,2THw1KnYQLCm9HqWx4j9nXSXsyC57VboGz9ft2zCYCHH,unmasked,61572.31,solana,3.1924,3.1924,3.1924,3.1924,3.1924,3.1924,6,"['gmgn', 'bullx', 'trojan', 'photon', 'kol', 'axiom']",61572.31,3855.35,2665.91,-167.95,64.85,41.67,38.89,0.0,14896.18,10055.89,244.34,5240,191,134,2806,2434,1390,1326981.37,2,16,63,FQCzCX64ZcPGCuBMmcrym4YRAWuTNare6Wk349Vsmsmp,,14.109,10577,Multichain_Syndicate,0.85,1.7918,1.0
60,pTbCAyYsxK,SOL_Trader_60,,pTbCAyYsxKWf88fy13w8vZ2R9rChKtuJZa4pSLrxfGz,unmasked,36290.99,solana,14.3503,14.3503,14.3503,14.3503,14.3503,14.3503,6,"['launchpad_smart', 'arbitrager', 'axiom']",36290.99,5433.53,2625.97,86.93,41.84,36.73,44.83,36.36,157984.18,22522.37,1510.67,15235,1618,257,6833,8402,2334,31736.23,3,29,90,7sVoyTKFtRvXgg162MFMx9v5kk9n1RQbZ19cP98WFbNq,5pgK7mici73kg8J6tbebMjhSaiyabTUHcsnFmoqHocYzQ5fntKUYg429Lb1KwNw2Rx6Hg2RraUiTfaV3yLLp6SAg,11.7624,153,Multichain_Syndicate,0.85,1.7918,1.0
61,A8yiUQzGEL,SOL_Trader_61,,A8yiUQzGELdiG481AbZoyCGG9QvRPaEmYbnkAmb7Fpc7,unmasked,-6201.81,solana,0.0056,0.0056,0.0056,0.0056,0.0056,0.0056,0,"['smart_degen', 'arbitrager', 'axiom']",-6201.81,1066.36,2263.25,-375.11,35.91,34.15,36.64,30.0,536729.46,79091.28,3799.14,14471,6939,868,7801,6670,2361,4511.48,7,25,381,5g7yNHyGLJ7fiQ9SN9mf47opDnMjc585kqXWt6d7aBWs,28NS8urRCyJBgueqvu4pRgsTU9pGHUoPmbvfzfDNrSbu3D6FekkJzfj1cUebTZLYbSJrYvVU8xhBKoSWrh8kJwdH,1.8668,71,Solana_DEX_Scalper,0.85,0.1748,1.0
62,BagCalls,BagCalls ,BagCalls,4AHgEkTsGqY77qtde4UJn9yZCrbGcM7UM3vjT3qM4G5H,unmasked,-8571.17,solana,259.2525,259.2525,259.2525,259.2525,259.2525,259.2525,6,"['axiom', 'bullx', 'kol', 'padre', 'arbitrager', 'top_renamed', 'top_followed']",-8571.17,6819.76,2252.39,246.45,29.56,28.85,46.67,57.14,103441.39,17411.73,1571.75,3333,568,100,1770,1563,2039,1075894.8,1,2,15,GLjXK7H8wKDftt1AC7g5qXBKc9sjmDk9Y1JUL6Hfmtxd,,5.0,87645,Multichain_Syndicate,0.85,1.7918,1.0
63,ENnyxqJAWw,SOL_Trader_63,,ENnyxqJAWwKeXkWxAeNfM2K8dS8GBcoNmwiM3EcWQT2u,unmasked,25672.49,solana,74.1684,74.1684,74.1684,74.1684,74.1684,74.1684,6,"['launchpad_smart', 'arbitrager', 'axiom']",25672.49,7392.45,2223.31,0.0,45.37,32.12,30.91,16.67,270338.64,68220.66,0.0,6832,1856,515,3568,3264,1993,103523.39,6,15,123,6wUCb7MVxaZAdghX6MSbZMqJCt38YyZM6B7yEVGsxgih,65cZgqHi7MKo8oU2BdbdmPXU6YvS8Co2J9AczWta7wb54J1xNJkvde6KEJfYPfoZFkgDBpzn7ke8e6nyUEz4RdCn,25.0,74,Multichain_Syndicate,0.85,1.7918,1.0
64,2tVnqzRozP,SOL_Trader_64,,2tVnqzRozPkkB8ar6UwaKK48nm1MNK616QN33ooA1i8A,unmasked,70741.56,solana,7.187,7.187,7.187,7.187,7.187,7.187,6,"['smart_degen', 'arbitrager', 'axiom']",70741.56,40148.38,1997.24,-884.61,44.22,40.25,37.33,34.48,752442.98,207873.37,25030.57,8708,3265,759,3591,5117,1690,22963.82,10,31,176,GJRs4FwHtemZ5ZE9x3FNvJ8TMwitKTh21yxdRPqn7npE,2LPHvTT2E3jsUL42QrNdtKeVuApKkTtgF2CHCCxFqgPYSiaYmP7sFPcL9ioG1T3H5UDfbQMAk1VX1T1KoGGNLqyw,21.5405,230,Multichain_Syndicate,0.85,1.7918,1.0
65,7tkPWE2cZ3,SOL_Trader_65,,7tkPWE2cZ3uQncuiF9DzpAdR7YLSG2Q14M8cjZMCaAqr,unmasked,50507.11,solana,23.9999,23.9999,23.9999,23.9999,23.9999,23.9999,6,"['launchpad_smart', 'arbitrager', 'axiom']",50507.11,24494.29,1994.74,839.94,45.96,42.71,40.19,56.25,325886.58,34334.07,4772.43,5479,2705,298,2528,2951,1641,17536.32,20,41,33,5tzFkiKscXHK5ZXCGbXZxdw7gTjjD1mBwuoFbhUvuAi9,5ao9jB2GAGA3pvn6WE6mj8jRNrpS8bvgNjuGurwZxrjgrSmAxB6cYdoKqEmpLZvJL2uVMLzkmBMAiJU9VjNSz47m,10.0391,316,Multichain_Syndicate,0.85,1.7918,1.0
66,luckedhub,jamessmith,luckedhub,EQaxqKT3N981QBmdSUGNzAGK5S26zUwAdRHhBCgn87zD,unmasked,546557.78,solana,92.2687,92.2687,92.2687,92.2687,92.2687,92.2687,6,"['kol', 'padre', 'launchpad_smart', 'trojan', 'wash_trader', 'arbitrager', 'top_renamed', 'top_followed', 'axiom']",546557.78,27112.41,1990.43,-551.73,36.16,36.72,38.73,36.96,732768.89,130884.52,28093.6,126751,16349,2446,65733,61018,3197,341004.42,6,25,60,ER61ZnBB6x2izcjS7kQdN2ACd5Ci6bRGxAa4XT68rUJ5,54o2uwCd2zuvjDmvBKnppdbmzucC6sTVKwuhVHEsfM35XMBipNGZLc5p81KzV7Ea3fpyhjGBzuvh6PiAuV8yEQuY,0.0799,15701,Multichain_Syndicate,0.85,1.7918,1.0
67,Hdf53xBDus,SOL_Trader_67,,Hdf53xBDushQ1tddXwnWudssTTVfv4vTiwMHfUWSmcv1,unmasked,2781.18,solana,2.1081,2.1081,2.1081,2.1081,2.1081,2.1081,6,"['launchpad_smart', 'arbitrager', 'padre']",2781.18,1886.27,1973.0,-12.2,42.61,52.38,57.63,30.0,26803.48,19024.69,2108.6,1726,335,248,927,799,479,32548.16,1,9,26,DBPWUmXbxrcJTbSes2unV2DdMdpFqXUpYfpHr8ivBdUh,cng5XEUpmSg9WQ5PurfQAL68yPGgRHWeBLDtVMeDCKYESaqc26cdMcQo4oVuUum4aeAFsf8KxrdnxaZUXyT2Mo9,0.55,26,Multichain_Syndicate,0.85,1.7918,1.0
68,qtdegen,qtdegen,qtdegen,7tiRXPM4wwBMRMYzmywRAE6jveS3gDbNyxgRrEoU6RLA,unmasked,277850.97,solana,47.9949,47.9949,47.9949,47.9949,47.9949,47.9949,6,"['kol', 'gmgn', 'gmgn_go', 'padre', 'arbitrager', 'top_followed', 'top_renamed', 'axiom']",277850.97,7642.28,1958.66,-882.88,36.15,36.22,32.57,66.67,868694.42,181901.02,21392.12,51475,5320,1391,30030,21445,2285,1571108.07,0,9,38,AxiomRYAid8ZDhS1bJUAzEaNSr69aTWB9ATfdDLfUbnc,,4.9269,51639,Multichain_Syndicate,0.85,1.7918,1.0
69,CFkdHRybyz,SOL_Trader_69,,CFkdHRybyzwFffHcjMAkzZmWBtxV5PjwofDNWge8tjG3,unmasked,49763.72,solana,23.8766,23.8766,23.8766,23.8766,23.8766,23.8766,6,"['launchpad_smart', 'arbitrager', 'axiom']",49763.72,24770.22,1869.94,883.84,46.94,41.76,33.33,41.67,329459.64,33872.67,4910.56,5456,2706,297,2517,2939,1643,16534.92,19,48,30,BmFdpraQhkiDQE6SnfG5omcA1VwzqfXrwtNYBwWTymy6,5qZsMptwrXUywgxamS4sWrW5t78nj95BKDD93BXwQce3JUAQCc56MXzSgjx66ZRJSjDSq7hwbeaA1BeJGBHj8HA3,14.4868,301,Multichain_Syndicate,0.85,1.7918,1.0
70,572gijC9dn,SOL_Trader_70,,572gijC9dnNiSFgeSDaLMEmPzyZH9MqT7SCVMwKkeTqF,unmasked,320884.59,solana,30.5718,30.5718,30.5718,30.5718,30.5718,30.5718,6,"['launchpad_smart', 'arbitrager', 'axiom']",320884.59,3851.81,1740.72,512.75,31.0,26.61,25.1,29.63,339084.86,101833.79,8065.97,171315,7919,2225,102579,68736,2294,139228.41,5,29,48,AxiomRXZAq1Jgjj9pHmNqVP7Lhu67wLXZJZbaK87TTSk,5FPtHHWgjNooTioZi9bwXTzDYSa8udwXDtV4fneYp5AYc86jrDLPxm2AGTv8vh8qoMUBQ8anHiKHcuQUd8BQs3ee,3.5374,1574,Multichain_Syndicate,0.85,1.7918,1.0
71,H8cbcJgrMR,SOL_Trader_71,,H8cbcJgrMRGU6jujEfDcprDxtReunzpXfnKbhdbFZ3HU,unmasked,241918.21,solana,49.5213,49.5213,49.5213,49.5213,49.5213,49.5213,6,"['launchpad_smart', 'arbitrager', 'axiom']",241918.21,2882.33,1649.34,710.72,31.05,27.15,30.58,29.63,338324.09,101735.86,8036.87,144421,7915,2213,84145,60276,2297,71803.56,6,28,45,BmFdpraQhkiDQE6SnfG5omcA1VwzqfXrwtNYBwWTymy6,4yAAqqHqoyn1PVNcGstLb3FEutcUakmNBYst6xgHehuooRiv1zVx6Jf5bRbQo8bq6mXzwtcQ8wumeZR6nmqtJpqr,9.7888,1293,Multichain_Syndicate,0.85,1.7918,1.0
72,spunosounds,spuno,spunosounds,GfXQesPe3Zuwg8JhAt6Cg8euJDTVx751enp9EQQmhzPH,unmasked,1017899.42,solana,21.9049,21.9049,21.9049,21.9049,21.9049,21.9049,6,"['kol', 'photon', 'gmgn_go', 'gmgn', 'arbitrager', 'padre', 'top_followed', 'top_renamed']",1017899.42,19947.04,1646.05,-1157.58,30.87,31.89,25.15,28.57,880628.52,236989.63,12955.96,41563,2611,611,21299,20264,2136,759705.47,2,6,59,FGmjT11BEsCzQZrK9L65BFsVmMCD9GLbfPa2KGZqGVsC,,32.61,50128,Multichain_Syndicate,0.85,1.7918,1.0
73,solanashaka,shaka,solanashaka,4S8YBCt6hhi7Nr1NnKF6jF856LLN8JJFzD1a8nF5UuHA,unmasked,38407.37,solana,0.0315,0.0315,0.0315,0.0315,0.0315,0.0315,0,"['trojan', 'bullx', 'kol', 'arbitrager', 'padre', 'axiom']",38407.37,594.61,1609.67,-151.48,23.27,23.42,27.38,27.55,275958.83,95747.04,12603.24,15190,6429,1586,8316,6874,2198,1463490.56,0,2,18,rU9o4fd97k4SyHx1bDNbci1u8MTVG1tWqMnzWbEKcDT,,1.9,12764,Solana_Whale_Accumulator,0.85,0.6542,1.0
74,AvgJoesCrypto,AJC,AvgJoesCrypto,H2QSGECp13sFLJgdTsDtayX3dk18Dm6sQMSQKcew7Xzk,unmasked,12842.93,solana,0.0183,0.0183,0.0183,0.0183,0.0183,0.0183,0,"['kol', 'arbitrager', 'fomo']",12842.93,1647.25,1455.11,0.0,45.65,50.0,50.0,0.0,14307.92,4089.21,0.0,285,10,6,118,167,762,1970924.88,0,1,6,4bTFfidmXjxHvYStPBi3neniPXY8kqJHYiCUsEhdFeHT,66GydYtozS9iW51x3mYdct7gnCqFuSbiDtwDWEEW3pN4gLXiHAncPB7txTeLoBJrXedA8xqFx6sHkNvauKPWzujz,30.0,32615,Solana_Whale_Accumulator,0.85,0.4397,1.0
75,ImmortalXelf,Xelf,ImmortalXelf,9W69DaLY58ZmLDBuqxVPKRhEWBPD61QQgQ4qH8m6qAJD,unmasked,10591.21,solana,3.8476,3.8476,3.8476,3.8476,3.8476,3.8476,6,"['gmgn', 'kol', 'arbitrager', 'gmgn_go', 'padre']",10591.21,7433.33,1423.55,535.94,44.9,47.69,38.24,25.0,95423.47,17757.37,1295.84,1142,828,173,437,705,890,2420316.43,0,9,15,CeSKecvEtaHdYJ15pKTHzh7vaoy4SY5dyDA8t2QeR2B4,,0.1241,27438,Multichain_Syndicate,0.85,1.7918,1.0
76,solvenant,,solvenant,SoLoR8292gki11FuFVCYUV5XkVi3dMr9kUJD5YGbui9,unmasked,-6100.43,solana,0.0,0.0,0.0,0.0,0.0,0.0,0,"['kol', 'trojan', 'axiom']",-6100.43,5816.57,1423.4,0.0,46.33,41.67,35.56,0.0,13418.67,8234.27,0.0,2815,179,120,1304,1511,686,111980.49,5,11,70,5tzFkiKscXHK5ZXCGbXZxdw7gTjjD1mBwuoFbhUvuAi9,,111.11,10577,Solana_Whale_Accumulator,0.85,0.0,1.0
77,Ga__ke,gake,Ga__ke,DNfuF1L62WWyW3pNakVkyGGFzVVhj4Yr52jSmdTyeBHm,unmasked,18039733.07,solana,148.047,148.047,148.047,148.047,148.047,148.047,6,"['kol', 'trojan']",18039733.07,41091.56,1346.54,0.0,51.52,76.92,75.0,0.0,211154.38,39422.74,4384.35,28925,70,13,9427,19498,2045,858393.71,1,3,1,GkSeTVj1YMjAFv7fbfrzt9yP1jabTnksXnyyQkMBM8XQ,,0.0012,188061,Multichain_Syndicate,0.85,1.7918,1.0
78,8fMq3Kz6Cn,SOL_Trader_78,,8fMq3Kz6CnayEJaZ7SfFnX1KPCpNjCSdoa8F2kMzewjd,unmasked,6065.0,solana,0.0148,0.0148,0.0148,0.0148,0.0148,0.0148,0,"['smart_degen', 'arbitrager', 'axiom']",6065.0,6261.83,1322.75,634.46,30.8,26.99,26.38,32.35,224802.74,50126.91,7089.91,28676,6644,1666,17367,11309,2636,4354.5,6,33,345,CSEncqtqbmNRjve42sNnbs5cCSmrjUNsAEwc17XY2RCs,3Tqd1cG2JA4fcKcHwTyh7o2PhDC6tnLgJpGY7b4zeD3MCsZuugsUbv4Bg6EgQJiagD9b6s7ZV3ryRVMas4V9CUD7,2.3959,54,Solana_DEX_Scalper,0.85,0.3741,1.0
79,s1mple_s1mple,^1s1mple,s1mple_s1mple,AeLaMjzxErZt4drbWVWvcxpVyo8p94xu5vrg41eZPFe3,unmasked,2085151.71,solana,62.9527,62.9527,62.9527,62.9527,62.9527,62.9527,6,"['kol', 'gmgn', 'gmgn_go', 'arbitrager', 'padre', 'top_followed', 'top_renamed', 'axiom']",2085151.71,2249.43,1263.7,125.61,39.84,40.0,40.15,36.36,145115.26,59844.15,14606.43,166067,980,401,90150,75917,2074,464688.93,0,0,6,AxiomRYAid8ZDhS1bJUAzEaNSr69aTWB9ATfdDLfUbnc,,0.0148,11282,Multichain_Syndicate,0.85,1.7918,1.0
80,solvenant,,solvenant,Q9j4YKVjRu5HhV5aEZuKeCmQFsytEhZgTsGAchQXSVM,unmasked,33671.23,solana,3.1924,3.1924,3.1924,3.1924,3.1924,3.1924,6,"['photon', 'kol', 'axiom']",33671.23,2224.64,1151.74,-174.54,52.2,45.24,43.33,0.0,13148.84,8437.53,220.56,1183,179,122,512,671,219,400095.02,0,5,14,NUKEoQsnvUscHq1fzQpnSdRuF8bC1yEUdWYnFxwDZgp,,5.1068,10577,Multichain_Syndicate,0.85,1.7918,1.0
81,abiiii0203,Abiii,abiiii0203,5D6UYcnKqSHhYZUcezDaykATzu573bRM2QRurEUqQJp6,unmasked,339162.12,solana,0.0143,0.0143,0.0143,0.0143,0.0143,0.0143,0,"['pepeboost', 'pump_smart', 'kol', 'app_smart_money', 'gmgn_go', 'arbitrager', 'top_followed', 'top_renamed']",339162.12,704.76,1139.43,1103.84,20.6,20.59,19.1,22.58,77282.29,64269.09,35931.82,7829,513,420,3904,3925,2003,9849871.6,3,4,57,Hy3hNJ6vrcroXtVATE6K8shDfL1L2Sv4t9vivt7Q59G5,,0.5,7101,Solana_Whale_Accumulator,0.85,0.3635,1.0
82,ImmortalXelf,Xelf,ImmortalXelf,9Vk7pkBZ9KFJmzaPzNYjGedyz8qoKMQtnYyYi2AehNMT,unmasked,-43923.61,solana,8.7443,8.7443,8.7443,8.7443,8.7443,8.7443,6,"['bullx', 'kol', 'padre']",-43923.61,487.53,1060.55,80.91,7.57,7.52,19.17,50.0,156048.19,25153.28,2631.46,11752,2647,308,4560,7192,2082,454820.38,0,3,1044,GE5wxdfdRWA4XgWjQYs5tEHx1sV571hL6mamJ8Qb1TB5,2fsqgto62jaLSoc9L8WCBv74hwdQi8kBvtxEgZCtJ9LAtisvNCLWaCScXngnd1PJx9sQKmCLGt73uoY9UJGUGEqk,20.12,27438,Multichain_Syndicate,0.85,1.7918,1.0
83,GW8vsg8Fkb,SOL_Trader_83,,GW8vsg8FkboEdZWqajakd2AWRiJMWYkwsbDk1BpsZRH6,unmasked,28169.71,solana,6.6591,6.6591,6.6591,6.6591,6.6591,6.6591,6,"['launchpad_smart', 'arbitrager', 'axiom']",28169.71,337.16,1043.5,206.75,35.89,31.76,34.25,42.86,41301.92,22347.96,2771.21,13750,536,247,6507,7243,2049,24542.35,1,12,96,5tzFkiKscXHK5ZXCGbXZxdw7gTjjD1mBwuoFbhUvuAi9,2eCT7x8Bm6rHK5AcecgCKAx5uYteZG8WUhHxj6kFJPpQjURZ1hpKKGRXCRDJjP3kTwMtLs5dEY7wipHsRpYcbBP1,7.8773,44,Multichain_Syndicate,0.85,1.7918,1.0
84,HSSyZsizWd,SOL_Trader_84,,HSSyZsizWdJ7fC9tH52aJATfRPnAijQPAfEJcRjPZZzD,unmasked,17121.34,solana,2.1529,2.1529,2.1529,2.1529,2.1529,2.1529,6,"['launchpad_smart', 'arbitrager', 'axiom']",17121.34,874.2,1022.03,515.19,35.74,23.21,22.22,21.67,97338.3,94855.23,34295.6,8059,843,822,3514,4545,1644,20502.91,2,14,41,AxiomRXZAq1Jgjj9pHmNqVP7Lhu67wLXZJZbaK87TTSk,3XwWFGxkLHACE9jUSedFM7uUvSiPpYFUaqw7MLChM6u4T86Ftjvv3XSsSt6bKUiXkVzph2gda9H5UHuLLDrZYRpJ,0.1551,45,Multichain_Syndicate,0.85,1.7918,1.0
85,louz514,Louz,louz514,A73unoJqKuLqfJCHqjvS7SccneuzY8FoXq47x2UwoCKe,unmasked,-85323.05,solana,12.6726,12.6726,12.6726,12.6726,12.6726,12.6726,6,"['bullx', 'photon', 'kol', 'arbitrager', 'axiom']",-85323.05,47913.33,953.15,-119.3,37.51,14.29,16.67,0.0,51887.42,3251.97,531.76,6773,177,12,3297,3476,2025,639955.49,14,38,466,HiyhZmaGzAHskuRV3w32t7YAcZWjR8attZVfLiwB4sUW,,0.2026,9169,Multichain_Syndicate,0.85,1.7918,1.0
86,CupseyV,Cupsey,CupseyV,VVV4C8wbLVU5Yw2JmdF7SPmoG2ubmJmmcjzHAJcdHgH,unmasked,94549.76,solana,9.8086,9.8086,9.8086,9.8086,9.8086,9.8086,6,"['kol', 'smart_degen', 'gmgn_go', 'top_followed', 'gmgn']",94549.76,13093.78,927.4,-128.34,44.93,44.19,37.21,40.0,965243.32,179041.2,11124.96,47609,7329,1235,21956,25653,2160,80407.86,0,1,10,is6MTRHEgyFLNTfYcuV4QBWLjrZBfmhVNYR6ccgr8KV,w61gtLNBXEqaWSuSZRyN1sBZZXs82pqxXjaxK4gMMNuerVH9FQ9iy6DwspKDbE6pj4mPPD52bGZ8WMQaQijhuE5,1.5,4544,Multichain_Syndicate,0.85,1.7918,1.0
87,technoviking46,tech,technoviking46,5d3jQcuUvsuHyZkhdp78FFqc7WogrzZpTtec1X9VNkuE,unmasked,1022525.52,solana,59.6094,59.6094,59.6094,59.6094,59.6094,59.6094,6,"['bullx', 'photon', 'kol', 'padre', 'arbitrager', 'axiom', 'top_renamed', 'top_followed']",1022525.52,11298.75,826.67,715.16,36.64,37.5,52.94,66.67,97330.15,6548.2,4211.65,14868,1619,52,5178,9690,2132,1228736.49,1,5,10,HtSV4XhKfKHmkjCaxhcqXSw7G1AXQ2R5d54VB9ySzct5,,13.5035,70631,Multichain_Syndicate,0.85,1.7918,1.0
88,35ymPRRC1c,SOL_Trader_88,,35ymPRRC1cPRt3XtwE46o79t734k8ZyCmXDbiibNd3M4,unmasked,19586.63,solana,35.4718,35.4718,35.4718,35.4718,35.4718,35.4718,6,"['smart_degen', 'gmgn_go', 'arbitrager', 'gmgn', 'axiom']",19586.63,9521.34,817.35,0.0,55.85,45.75,49.12,50.0,337446.46,63949.65,2.48,2786,989,196,1192,1594,862,524527.01,0,0,33,53i9b1rWHUC6aCenXyex2eQJn1qNdjbrrdJyzdbcWMZr,3bPDi8zNcKJetGjZDXa5Qdh7xredzkLeJoUioq4fqGxLDjpzYWPPsfzwerxJfHiGtjJ2oJjQTQQS9Ptc2hsbANDL,0.5,123,Multichain_Syndicate,0.85,1.7918,1.0
89,panzonhl,panz.hl,panzonhl,2AuCMeKQ9NXCaVX6SVU63kaKHMKF3R6ui2gUkTtD9ne8,unmasked,6104.42,solana,7.1799,7.1799,7.1799,7.1799,7.1799,7.1799,6,"['gmgn_go', 'kol', 'launchpad_smart', 'gmgn']",6104.42,5331.83,798.07,-69.4,31.78,32.46,32.61,25.0,109995.12,25450.28,847.5,1963,1363,329,1334,629,372,4213.44,1,8,20,F7p3dFrjRTbtRp8FRF6qHLomXbKRBzpvBLjtQcfcgmNe,3xT3qJCbhe2jdfqHzgGA2KKX4AeQHcLstMf92MQCry62rRgMkDu4RicY6qSZvv3PeeGnqyxKU1dMLNiudXqLBxPA,27.7048,2509,Multichain_Syndicate,0.85,1.7918,1.0
90,As9AD6Kbiq,SOL_Trader_90,,As9AD6KbiqQeMRgYNVQiRwRnfBmjESPTsvh6gQRjoB8b,unmasked,6283.65,solana,7.4259,7.4259,7.4259,7.4259,7.4259,7.4259,6,"['launchpad_smart', 'gmgn']",6283.65,1588.59,771.21,359.73,29.25,28.69,36.36,31.25,99191.36,15896.58,3447.77,11460,2305,346,6150,5310,1605,198947.27,0,6,72,9HsHtsm3vjtKxi4sX7kWJhAE1o7N3mZmC5TZypkruTvh,25Ln7ebwkYSCbrmshW4ms1tcEt1VZLCTXmnhBa6W4p6tWRQXeh52YBndVCK7ZNWb22KRcoU6mjMZSnyjaEoFQAHh,2.6464,31,Multichain_Syndicate,0.85,1.7918,1.0
91,sue_xbt,Sue,sue_xbt,HJJtPppbZ2ZmRoJAKbk4VAkcQ4bMYNjGEnoYWCnrUsfZ,unmasked,-37743.06,solana,0.0,0.0,0.0,0.0,0.0,0.0,0,"['kol', 'axiom']",-37743.06,448.47,757.17,0.0,29.88,50.0,50.0,0.0,3284.18,3264.68,0.0,2180,8,6,1082,1098,513,12453.15,0,3,152,AxiomRYAid8ZDhS1bJUAzEaNSr69aTWB9ATfdDLfUbnc,,0.0145,34461,Solana_DEX_Scalper,0.85,0.0,1.0
92,6ttRrzGunS,SOL_Trader_92,,6ttRrzGunSwKAJKakF4ZGibMEMVPYvuh74XWxGA9gWLb,unmasked,5519.45,solana,8.5292,8.5292,8.5292,8.5292,8.5292,8.5292,6,"['launchpad_smart', 'arbitrager', 'gmgn']",5519.45,1182.47,686.28,440.87,30.58,27.27,34.72,41.18,88602.84,16938.65,3461.28,10002,2146,358,5144,4858,1478,177588.78,0,4,71,12P8T2Yc7FfgxqoapNm2RE2z1ENnXGLW7Wu71DsnXFhE,2KRa7A3X35tRpaUkzHdaoGQqEvLwushB3rKPLAaMNQxSz3L2KoQshTJ2y9Lqj9dUYXDiuaViyQ75NyrzyTSFFWbP,2.6463,37,Multichain_Syndicate,0.85,1.7918,1.0
93,BfG7WYmrav,SOL_Trader_93,,BfG7WYmravgBhNdWpGoiFmF8L1duw2vdqdDHiZid2hoJ,unmasked,3673.63,solana,31.3899,31.3899,31.3899,31.3899,31.3899,31.3899,6,['smart_degen'],3673.63,918.31,632.57,516.17,31.3,30.17,24.82,38.89,273744.68,54731.8,13189.01,11149,3694,754,6362,4787,1927,30586.15,1,22,138,CSEncqtqbmNRjve42sNnbs5cCSmrjUNsAEwc17XY2RCs,4DrCdzDUTDLCTBeXhwLmLDMebxTHk1hHraUE1CLqJa2ffCtEzjjzgqFNHeX6c3Wi1UstT33VHRxXEiUFGAFVGFZz,1.4748,55,Multichain_Syndicate,0.85,1.7918,1.0
94,GGLGhzaaJw,SOL_Trader_94,,GGLGhzaaJwNbt5ZNUVFbsk9DEmvvPqBWpHeXW8Taeh58,unmasked,6545.41,solana,0.0009,0.0009,0.0009,0.0009,0.0009,0.0009,0,"['launchpad_smart', 'gmgn_go', 'arbitrager', 'gmgn', 'axiom']",6545.41,3398.42,600.85,-303.07,30.95,26.72,27.93,14.29,74395.43,48330.4,5783.42,5725,1056,730,2427,3298,1712,5828.26,4,24,118,5tzFkiKscXHK5ZXCGbXZxdw7gTjjD1mBwuoFbhUvuAi9,2GXS9fN9G31kdVwhrz9HHeVLJxuB5JGeXhYazVVr2DVpg6eP1i2w3zro4hJHCi9VrXDc6cHMtVPnT8csZ9jCuxdQ,15.8702,16,Solana_DEX_Scalper,0.85,0.0379,1.0
95,Loopierr,Loopierr,Loopierr,9yYya3F5EJoLnBNKW6z4bZvyQytMXzDcpU5D6yYr4jqL,unmasked,1807792.25,solana,5.8076,5.8076,5.8076,5.8076,5.8076,5.8076,6,"['kol', 'app_smart_money', 'photon', 'padre', 'gmgn_go', 'arbitrager', 'top_followed', 'top_renamed', 'gmgn']",1807792.25,3403.12,594.22,-471.6,33.16,34.44,35.0,30.0,1043604.2,80615.16,6102.2,50151,1892,322,24528,25623,2067,1878017.48,3,8,85,2snHHreXbpJ7UwZxPe37gnUNf7Wx7wv6UKDSR2JckKuS,2zUKeEGab4PmijdaXLTXna149XSpx8YMuxzV2kaNZabirHLF9NvaPok5ZUVPscNfMBSZR6hCFAvwDtFzU1B9o7pP,16.4665,36798,Multichain_Syndicate,0.85,1.7918,1.0
96,9N6EjGajgT,SOL_Trader_96,,9N6EjGajgTSpbjwhCb9LKg5JsAkBw8qkqBhaxdqP6DBL,unmasked,11305.27,solana,31.8986,31.8986,31.8986,31.8986,31.8986,31.8986,6,"['launchpad_smart', 'axiom']",11305.27,918.84,566.06,0.0,41.05,32.29,35.48,0.0,37469.89,11050.82,0.0,2284,231,75,1059,1225,1024,38320.9,1,20,43,5TjSh51DeZfDF2mWTYPDWzJhYkNkMQk3ZHfq13JaKHkf,5qHyyafib8u6bpuK5Rx1fujbQQUjUTDabhNi9a2CL9LYbvx2xFc8QbYtkqdp4xqzECJGLifAqtjmHimJs4XG86bY,4.8012,58,Multichain_Syndicate,0.85,1.7918,1.0
97,3S6MGQMjyt,SOL_Trader_97,,3S6MGQMjytdoNiaXudt2xMJEdtVg9vV8GELXFfwKt4nk,unmasked,11018.62,solana,28.1716,28.1716,28.1716,28.1716,28.1716,28.1716,6,"['launchpad_smart', 'smart_degen', 'gmgn_go', 'arbitrager', 'axiom']",11018.62,2270.44,523.71,-104.89,39.27,37.17,37.67,28.21,161476.36,92186.05,9360.67,13708,1765,880,5130,8578,2162,88972.58,0,14,181,9m2g8K6kFssT6VKZz6Hs2LJNcu48NfyyFHRughHxv3YW,yPCauATUwMBxagtUWRzhmmARHuhaGATNYBYnDEmijRnjg9bPukSKLpJVnUZkp4CAjXKAMQrWaSPDBWvv9q5M2Y1,0.6732,124,Multichain_Syndicate,0.85,1.7918,1.0
98,HunterOnlyETH,金狗挖掘机 | 0xDavid,HunterOnlyETH,J485YzQjuJPLYoFEYjrjxd7NAoLHTiyUU63JwK7kLxRr,unmasked,1933336.89,solana,22.8417,22.8417,22.8417,22.8417,22.8417,22.8417,6,"['kol', 'app_smart_money', 'axiom', 'arbitrager', 'gmgn', 'top_renamed', 'top_followed']",1933336.89,3285.82,518.12,0.0,46.56,53.57,38.89,0.0,40135.61,6607.82,0.0,34862,158,41,18138,16724,2025,3611090.86,0,3,4,75A1d6Xtaw9FWuxkK2rkkfr7pT8PNNdjurBdRVcHgF55,,0.001,32899,Multichain_Syndicate,0.85,1.7918,1.0
99,shenron__1,Shenron ,shenron__1,BxpFcT9fkZwKHuvXPKcfxo6k5v28VJdzozXD2scAgsn,unmasked,7356.77,solana,24.5083,24.5083,24.5083,24.5083,24.5083,24.5083,6,"['kol', 'gmgn_go', 'axiom', 'gmgn']",7356.77,276.94,506.79,0.0,14.54,18.18,50.0,0.0,19937.43,11611.83,0.0,5086,58,31,2171,2915,1989,79744.89,1,6,15,GG1WfADtAfQuTvddTHvCjFkLGNvDYHccEJdxbiHy2tTW,5y82Tunb1Z4vwnn5zBwXr4dooFnwLtNqWnPHaqGDt9A42HuPjzUyoeLyvzx9ywegtUuGHbmgJmK4nw9iH7GSGhxp,0.12,2247,Multichain_Syndicate,0.85,1.7918,1.0
100,iprintcash,Jay Jones,iprintcash,AsEqwGCNfnB4LK7ewMGc9i9LJ1nsQRNzBGrADY1GNm8Z,unmasked,13796.25,solana,3.428,3.428,3.428,3.428,3.428,3.428,6,"['gmgn', 'trojan', 'bullx', 'kol', 'arbitrager', 'padre', 'axiom']",13796.25,1295.42,497.01,113.54,21.88,20.83,22.73,41.18,36108.52,6818.84,1607.27,9749,1473,323,5426,4323,2148,143222.4,12,27,389,FPtU7zmrvUu6Do7dxbVRnoHZx3PyjG1o4AxSB1U8Nqpb,,0.0048,17,Multichain_Syndicate,0.85,1.7918,1.0
1,HunterOnlyETH,金狗挖掘机 | 0xDavid,HunterOnlyETH,0x7a2363a401b2340c7941dd2eeff0196a5078d2e6,unmasked,3447653.77,bsc,44.476,44.476,44.476,44.476,44.476,44.476,6,"['app_smart_money', 'kol', 'wash_trader', 'fomo', 'gmgn_go', 'top_followed', 'top_renamed', 'gmgn']",3447653.77,246465.68,61723.9,2072.44,66.1,66.01,63.23,57.58,1596580.42,384549.18,21105.96,81017,5444,1565,40606,40411,2000,494244.12,1,17,15,0x97b9d2102a9a65a26e1ee82d59e42d1b73b68689,0x74b3975a2fc71f80a997b84ab3cb508a3e2e29658a9283b3d826fc01c959d842,9.9998,32899,Multichain_Syndicate,0.25,1.7918,3.0
2,rob02643673_rob,枯坐p小将,rob02643673_rob,0x2ce9d43d1cba6ae31d7f07bfe0098dfa2d833373,unmasked,3417392.85,bsc,136.6065,136.6065,136.6065,136.6065,136.6065,136.6065,6,"['kol', 'fomo', 'gmgn_go', 'gmgn', 'top_followed', 'top_renamed']",3417392.85,363511.48,61496.39,0.0,63.49,63.41,71.71,0.0,1508988.02,225380.79,0.0,30101,2829,446,11397,18704,2000,1126332.39,11,50,18,0x571b6770ed63863d7cc7d461b1c4ec5504f17faa,0x782c3630238ffce0e47471c2253e1e90197271f5605d2eb73a087769dd2817d9,0.5,15813,Multichain_Syndicate,0.25,1.7918,2.4
3,antpositions,AntPositions(蚂蚁仓）,antpositions,0xa83b73f5644cde337b61da79589f10ea15548811,unmasked,3648227.88,bsc,82.9611,82.9611,82.9611,82.9611,82.9611,82.9611,6,"['app_smart_money', 'wash_trader', 'kol', 'axiom', 'gmgn_go', 'top_followed', 'top_renamed', 'gmgn']",3648227.88,304971.64,50627.21,1653.62,40.6,40.65,42.33,39.53,8304020.7,1520243.23,56763.89,238577,22866,4550,102103,136474,2000,157658.05,0,6,24,0xd838da96f37d0f80319bd73ad22bbb534e1dd000,0x1193812c304c8e47c3f183bd8f9b549a40dce6e59fd119bed68c44b039602006,6.0,5497,Multichain_Syndicate,0.25,1.7918,4.33
4,XIGUA0903,西瓜BNB,XIGUA0903,0x3472ccf6209925204b9cf352171ee150904fda7e,unmasked,290023.85,bsc,4.7025,4.7025,4.7025,4.7025,4.7025,4.7025,6,"['kol', 'gmgn_go', 'top_followed', 'top_renamed', 'gmgn']",290023.85,225325.21,46058.94,2157.52,57.14,57.14,56.09,60.0,2736342.81,646876.75,18879.64,33272,16308,3749,13517,19755,2000,103825.26,1,26,47,0x30f1e138eb61ccdc4b87413508f65e7b41a1845c,0xac65ed41c02e1a41de4bd997e3f5ae261db204a0ab016ac09a5c014be74ad322,0.0405,6710,Multichain_Syndicate,0.25,1.7918,4.0
5,feibo03,CowboyBNB ｜版本之牛,feibo03,0xe1e3252b8b2f9bf2a8335389ba8ee62e6ea29407,unmasked,-3.865216465413011e+16,bsc,68.193,68.193,68.193,68.193,68.193,68.193,6,"['kol', 'gmgn_go', 'gmgn']",-3.865216465413011e+16,-3.865216465413011e+16,44436.47,-409.3,52.3,52.3,54.1,31.25,2261888.19,469495.8,6513.36,5123,5123,1182,2193,2930,2000,577072.49,3,22,27,0x1cc9d4483168d2f7fcea8b261e10f9be38307e49,0x4c0ddab9aa543da2ee039cc81768d3dbeaa6a6c25a6da84cb0555ec0d79eebec,10.0,42711,Multichain_Syndicate,0.25,1.7918,2.4
6,hzjxhcyy,古月月,hzjxhcyy,0x877af245c61289b24f0c619a4346cdbc68f1aaac,unmasked,495993.68,bsc,67.1536,67.1536,67.1536,67.1536,67.1536,67.1536,6,"['kol', 'smart_degen', 'gmgn_go', 'wash_trader', 'top_followed', 'gmgn']",495993.68,139512.95,35577.29,-4009.04,42.3,42.3,38.82,35.56,1839840.75,426781.46,42038.93,42394,5367,1421,19746,22648,2000,761032.62,0,17,18,0x285d3fecc7ed4f6810cc1089f08d04f606e77331,0x0aacdcd228efabc1473ec9881913a2bc6fa7fd915cb9ba2c0f16317fc2c5321f,1.0,3112,Multichain_Syndicate,0.25,1.7918,2.67
7,CryptoCharming,CryptoCharming ,CryptoCharming,0xcc291dcd83bd9f2600cca4d65ae3b724eaf4f5a9,unmasked,167552.03,bsc,30.7769,30.7769,30.7769,30.7769,30.7769,30.7769,6,"['gmgn_go', 'kol', 'top_followed', 'gmgn']",167552.03,167552.03,28469.07,550.95,54.49,54.49,62.2,40.0,687480.53,181800.68,1994.36,849,849,199,260,589,688,792377.35,1,7,21,0x2f2fd6a85a8f58a2a3c47b755bb79af2c2dd2799,0xfe4823abf9d982e7f091eff40bff9bd3080f52e54a189fc72507d5f4dfcb68eb,50.0,21407,Multichain_Syndicate,0.25,1.7918,2.75
8,SuperL9,Wick李 BNB,SuperL9,0x7e8fb0392542812476d9f2d0d71c01d1fa0776c5,unmasked,1703481.46,bsc,6.1335,6.1335,6.1335,6.1335,6.1335,6.1335,6,"['app_smart_money', 'kol', 'gmgn_go', 'fomo', 'top_followed', 'top_renamed', 'gmgn']",1703481.46,14228.59,27738.98,-621.87,49.1,49.1,49.72,52.63,825488.13,152613.42,4465.99,26252,3132,483,10821,15431,2000,790160.81,6,7,132,0xa27f9ef1ee589f0b4e39d1b3aaeb22cf1591266c,,0.145,40018,Multichain_Syndicate,0.25,1.7918,2.57
9,oooooyoung11,o大（吸吸喜气欧皇扫链版）,oooooyoung11,0xddac928a240bdace3994c2cc0783d4e29a002127,unmasked,788620.84,bsc,25.1187,25.1187,25.1187,25.1187,25.1187,25.1187,6,"['kol', 'wash_trader', 'top_followed', 'top_renamed', 'gmgn']",788620.84,68883.08,25102.02,877.24,40.7,40.7,36.92,41.67,1052989.9,379503.33,22288.65,37942,3672,1134,15797,22145,2000,626802.2,3,15,26,0x6df7f71f8c9786dcbb127bb957e3ec9695d7a66e,0x1810f50a250dbdfdf9133534bfb4c38a30d8415b383f506c0412d5a73e87ba20,8.1384,6529,Multichain_Syndicate,0.25,1.7918,3.0
10,0xrap9,不知名打狗大师,0xrap9,0xa1426c6f65fe804e05ce3c07a42412d735ef78bc,unmasked,560742.38,bsc,4.772,4.772,4.772,4.772,4.772,4.772,6,"['kol', 'wash_trader', 'fomo', 'gmgn_go', 'top_followed', 'gmgn']",560742.38,60119.98,20636.71,529.91,46.72,46.54,46.58,50.0,517291.58,112632.33,4256.51,68055,4694,1166,40370,27685,2000,818603.84,0,17,9,0x73f5ebe90f27b46ea12e5795d16c4b408b19cc6f,0x11527c1049617da8e739c27144a896772cf46f92d1ef5ae977178d8a8ef2060f,1.0,2023,Multichain_Syndicate,0.85,1.7918,6.0
11,0xLuckHK,0xLuck,0xLuckHK,0xffbd5a03e1e936bfae82c567f8b41e0a95296dcc,unmasked,115317.56,bsc,15.4753,15.4753,15.4753,15.4753,15.4753,15.4753,6,"['gmgn_go', 'kol', 'gmgn']",115317.56,107404.68,20287.91,609.29,35.5,35.5,37.59,34.18,2164234.0,442091.46,29878.45,11440,11257,3261,5291,6149,2000,123323.65,3,21,21,0x767a3e7a5df716178733498a72e29b7c28a0408a,0x32980d2b0cfc2a937cff5f11e0f4ffad0eb6694c32901dc4faa32c911c6aac9e,10.6471,3904,Multichain_Syndicate,0.25,1.7918,4.0
12,0x7dcf2757,BSC_Trader_12,,0x7dcf275735184a51ade69c7c8e6e54c2dd23aeef,unmasked,177863.55,bsc,6.3378,6.3378,6.3378,6.3378,6.3378,6.3378,6,"['launchpad_smart', 'gmgn']",177863.55,48482.57,18831.93,2025.09,40.38,40.4,57.25,42.42,483754.04,155107.43,7482.75,27530,6534,1966,12375,15155,2000,273383.57,5,21,20,0x64f3f1691101cd41b9908fc10a6c7a292d5defd3,0x5611b11129718b7bb0f18b3797a10d0bf5f80ec2036c4bcefe7a2953f1285b9b,0.5,764,Multichain_Syndicate,0.25,1.7918,4.0
13,NeoCallss,NΞO,NeoCallss,0xe28601398a5448d1147e6e8b0e0c6d686f0d216d,unmasked,86425.21,bsc,5.4105,5.4105,5.4105,5.4105,5.4105,5.4105,6,"['kol', 'arbitrager', 'gmgn_go', 'top_followed', 'top_renamed', 'gmgn']",86425.21,38184.52,17016.12,-83.72,47.25,47.38,51.15,44.44,245356.29,68297.69,7493.83,4232,1699,540,2091,2141,2000,1521647.39,2,17,20,0x3807771db053dae9ead980692b6ef85c9c10f0bd,0x7ad243e71f31f8d2cff2029e3780b2ecbbd9b5d3122cf3076f00f1356fa5308c,2.9676,28825,Multichain_Syndicate,0.25,1.7918,3.67
14,yesp999,Yesp ,yesp999,0x550647e8faf10116f0367526080c1005809b4653,unmasked,47125.97,bsc,5.6014,5.6014,5.6014,5.6014,5.6014,5.6014,6,"['kol', 'gmgn_go', 'gmgn']",47125.97,47125.97,12535.38,865.53,46.02,46.02,41.97,60.0,569089.19,156055.05,8005.29,2887,2887,795,1122,1765,1366,284171.46,3,13,31,0xa180fe01b906a1be37be6c534a3300785b20d947,0x8e733478ffaed9a9ef7c691176b1c75b7e971367b6f5fb1d9f0a33a8fe0302f8,4.0,8476,Multichain_Syndicate,0.25,1.7918,3.0
15,fnmilito,milito,fnmilito,0xd41feaa24dede516a501862cf1f376defb811772,unmasked,1357765.34,bsc,67.8997,67.8997,67.8997,67.8997,67.8997,67.8997,6,"['kol', 'wash_trader', 'smart_degen', 'gmgn_go', 'top_followed', 'top_renamed', 'launchpad_smart', 'gmgn']",1357765.34,53679.59,11710.52,1330.42,65.91,66.73,63.41,63.64,546961.68,136632.09,8656.42,54429,2886,703,28035,26394,2000,1164032.11,0,6,28,0x9c3778abfdfba1598ca48226b4f7898c524f06fd,0xa166a0d79273884d4098a731cf6c87467d25193d5ca4f021577186db2e48fc4a,2.0,8690,Multichain_Syndicate,0.25,1.7918,2.5
16,frostyyy,Frosty,frostyyy,0x0b3edd0d0bf7c6281a7f8ae5a5630defb94ae78e,unmasked,151524.77,bsc,52.8602,52.8602,52.8602,52.8602,52.8602,52.8602,6,"['kol', 'axiom', 'gmgn_go', 'top_followed', 'top_renamed', 'gmgn']",151524.77,33868.81,10657.44,1269.3,45.9,47.83,34.62,100.0,182677.73,34654.17,3595.72,1792,236,42,740,1052,2000,2766448.83,3,6,11,0xe2fc31f816a9b94326492132018c3aecc4a93ae1,0xdaafd024ebfb88a7ab1cecb4239f9a74263abf889058666539ea4eb926684f56,1.1991,236585,Multichain_Syndicate,0.25,1.7918,2.25
17,kurtzxx,kurtz,kurtzxx,0xf78b066050e00fdb9b980e265aa9f317ef4b947c,unmasked,992661.72,bsc,52.6297,52.6297,52.6297,52.6297,52.6297,52.6297,6,"['kol', 'launchpad_smart', 'fomo', 'smart_degen', 'gmgn_go', 'top_followed', 'top_renamed', 'gmgn']",992661.72,97773.77,10239.97,2620.6,54.21,57.51,48.15,66.67,501258.66,59420.88,7152.78,3195,697,62,1328,1867,2000,1643658.71,4,16,13,0xe701b4bb0af9865ebb3b7bd4e0ddd2f9ae9b22b2,,0.18,127837,Multichain_Syndicate,0.85,1.7918,3.5
18,ohzarke,ozark,ohzarke,0x07cdaf0140c60a0c34681065abf49bb8d85b8cbe,unmasked,949243.69,bsc,0.5917,0.5917,0.5917,0.5917,0.5917,0.5917,0,"['app_smart_money', 'kol', 'axiom', 'gmgn_go', 'gmgn', 'top_followed', 'top_renamed']",949243.69,23603.92,10058.7,0.0,57.4,43.9,62.5,0.0,59490.75,4574.73,0.0,16889,252,21,9831,7058,2000,2298621.53,3,6,13,0x331cc2e56c657126f7a986419040838cf446eb93,0x121f16a2cbfea77df87c1ebf31972587bad48fa86da1c6bd3d909062aacd71b4,0.1,21889,Bsc_Whale_Accumulator,0.25,1.7918,2.75
19,First_believer_,First believer,First_believer_,0xec1e5db246faaa9057fd01c6882df0433e6711a3,unmasked,113652.24,bsc,10.5892,10.5892,10.5892,10.5892,10.5892,10.5892,6,"['smart_degen', 'gmgn_go', 'gmgn']",113652.24,25150.94,8927.24,325.63,37.41,37.41,35.36,27.27,835597.93,204872.83,21144.89,17009,3664,902,8007,9002,2000,616191.99,2,6,105,0xdccf3b77da55107280bd850ea519df3705d1a75a,0x74be8403be4047d10ffdff926bcf5f6c2f508dc2e1e78afbf871bdabe37aad22,5.0005,73,Multichain_Syndicate,0.25,1.7918,2.67
20,yue581,向日葵,yue581,0x0143c153035dd5061f237a9eddd722940718d1c8,unmasked,113232.43,bsc,4.1322,4.1322,4.1322,4.1322,4.1322,4.1322,6,"['launchpad_smart', 'smart_degen', 'fomo', 'gmgn_go', 'gmgn']",113232.43,52199.66,8874.62,1393.86,37.48,37.48,36.65,15.0,922589.09,200884.49,7962.89,13332,4834,960,6325,7007,2000,369732.78,2,21,20,0x29bdfbf7d27462a2d115748ace2bd71a2646946c,0x411221d17335ac922591b0d550347c989bb808c171f5a9536938a0f58692eaad,1.9985,98,Multichain_Syndicate,0.25,1.7918,1.75
21,CCPiggy_,CC 小猪 | Golden.S,CCPiggy_,0xf7a934528d38e2f2865a7cd30c335c6d115928b8,unmasked,123783.48,bsc,1.0,1.0,1.0,1.0,1.0,1.0,6,"['kol', 'smart_degen', 'gmgn_go', 'gmgn', 'top_followed']",123783.48,29951.27,8823.36,936.42,59.17,59.17,58.75,75.0,369888.72,79970.61,8742.96,42450,4802,1012,18266,24184,2000,528196.89,2,13,42,0x1fbe2acee135d991592f167ac371f3dd893a508b,0x6ff0e35101b19d5d5789b19ecabe5013c26edb1c3d157973b989f230885287df,0.15,5397,Multichain_Syndicate,0.25,1.7918,1.0
22,0xAA_Science,0xAA,0xAA_Science,0x8d5624fa29526c879a1ca7560961e4c5a08089ae,unmasked,697378.07,bsc,259.9585,259.9585,259.9585,259.9585,259.9585,259.9585,6,"['kol', 'top_followed', 'top_renamed']",697378.07,67637.3,8808.52,0.0,73.33,69.12,60.0,50.0,322912.04,33682.25,0.0,4186,395,35,1828,2358,2000,3056752.33,5,19,14,0x25df6da2f4e5c178ddff45038378c0b08e0bce54,,2.1,181973,Multichain_Syndicate,0.25,1.7918,2.57
23,mrghostinvblog,mr.ghost,mrghostinvblog,0xf11c526605668d67e1cff264c30605eb2579babf,unmasked,289640.69,bsc,0.1678,0.1678,0.1678,0.1678,0.1678,0.1678,0,"['kol', 'gmgn_go', 'gmgn']",289640.69,-26782.15,8617.1,0.0,13.52,16.67,40.0,50.0,89540.27,23.58,0.0,970,152,2,602,368,2000,13521362.78,2,1,169,0xdccf3b77da55107280bd850ea519df3705d1a75a,,1.7442,23885,Bsc_Whale_Accumulator,0.25,1.7918,1.67
24,xuxubaobao0819,旭旭宝宝,xuxubaobao0819,0x9cd581ff7804f5f3caf35f55d3cf73fbf42f0072,unmasked,27379.73,bsc,2.4314,2.4314,2.4314,2.4314,2.4314,2.4314,6,"['kol', 'gmgn_go', 'gmgn']",27379.73,27379.73,8484.83,535.15,47.89,47.89,52.1,39.13,447150.6,102366.18,10400.62,1851,1851,667,705,1146,1167,332562.93,1,6,21,0x0732c54755e5a2996553a98ca985e51a9289591c,0x743a2cde58129a1cbf36e30a419e5297be82d1b6cbad2f631d089b3043e3916f,8.8829,6688,Multichain_Syndicate,0.25,1.7918,4.0
25,wolfyxbt,杀破狼 WolfyXBT,wolfyxbt,0xc652368b05a27dd70d135f636536714e2806bd9a,unmasked,116585.85,bsc,1.6787,1.6787,1.6787,1.6787,1.6787,1.6787,6,"['app_smart_money', 'kol', 'gmgn_go', 'gmgn']",116585.85,-11205.34,7886.8,0.0,37.79,36.67,33.33,50.0,217741.87,37631.77,108.91,2189,563,41,939,1250,2000,3244772.23,0,8,66,0xf89d7b9c864f589bbf53a82105107622b35eaa40,,14.9998,859562,Multichain_Syndicate,0.25,1.7918,1.4
26,kwen_eth,Kkk,kwen_eth,0xa12cd8eb1f533255aa252655e456b8c48e9c3d52,unmasked,32940.72,bsc,0.271,0.271,0.271,0.271,0.271,0.271,0,"['kol', 'wash_trader', 'fomo', 'gmgn', 'arbitrager', 'gmgn_go']",32940.72,7824.03,7798.84,0.0,33.44,17.39,50.0,0.0,1315.0,149.43,0.0,15088,44,2,7107,7981,2000,2496801.78,0,4,35,0x6551a695d44d366b0a2f5e1669e70da1087bc6de,0x3ad7ad10493a300fb5dd11e97560007cf15042569cd94c1204b5f19cf218c6f2,2.1309,44351,Bsc_Whale_Accumulator,0.25,1.7918,1.0
27,888upupup,888UP,888upupup,0x94cf7ed19901eb7d487c779e6d1baa87157b2d01,unmasked,462622.11,bsc,18.5203,18.5203,18.5203,18.5203,18.5203,18.5203,6,"['kol', 'wash_trader', 'launchpad_smart', 'gmgn_go', 'top_followed', 'gmgn']",462622.11,47178.87,7796.81,173.51,63.8,65.07,61.61,71.43,443434.95,83403.14,2177.78,19161,2585,1089,10642,8519,2000,1100232.35,2,6,6,0xdccf3b77da55107280bd850ea519df3705d1a75a,0xe869023169ad97cd59ac3b6bbef3ceb0a88e6e5c9727b8959ab2f657b48ed5a7,0.1,1536,Multichain_Syndicate,0.85,1.7918,3.0
28,clukz,clukz,clukz,0x077b9981bc8a2ca417cea41861111da63266988b,unmasked,1071872.96,bsc,53.5386,53.5386,53.5386,53.5386,53.5386,53.5386,6,"['app_smart_money', 'kol', 'smart_degen', 'gmgn_go', 'gmgn', 'top_followed', 'top_renamed']",1071872.96,8212.96,7687.24,236.17,58.16,42.59,56.25,100.0,88172.62,23004.84,3208.53,8861,186,49,4045,4816,2000,4214520.09,1,3,3,0xacde3035778657674d07f212cf16e88e62efa2ac,,0.9223,39328,Multichain_Syndicate,0.25,1.7918,3.25
29,yodacalls,Yoda,yodacalls,0x371903abb32f5f69b536b77495e92adedfea25da,unmasked,57100.2,bsc,4.4898,4.4898,4.4898,4.4898,4.4898,4.4898,6,"['smart_degen', 'kol', 'fomo', 'gmgn_go', 'top_followed', 'top_renamed', 'gmgn']",57100.2,32872.29,7357.84,432.38,41.22,43.69,40.0,55.56,310331.6,83247.91,7216.92,6730,1731,533,3351,3379,2000,1945828.26,1,29,60,0x161ba15a5f335c9f06bb5bbb0a9ce14076fbb645,0x29141ea1739f84a2e289b1f9642e7fa230a341c2fd1bffbc63b8d69156bffbdb,3.0,7297,Multichain_Syndicate,0.25,1.7918,3.5
30,CryptoKobe92,九条命（凡事发生必有利于我）,CryptoKobe92,0xb4e1e589f5a5cb7f4c5d3bb0179dd678e421fee9,unmasked,20499.4,bsc,30.0492,30.0492,30.0492,30.0492,30.0492,30.0492,6,"['gmgn_go', 'kol', 'gmgn']",20499.4,20499.4,7328.78,28.56,51.99,51.99,57.28,50.0,431804.05,128261.65,302.8,2831,2831,1004,1031,1800,1384,412091.25,0,8,30,0xf4d4dd9cab31a32cab48405751b57d00528556c4,0x8507c26b51290973a58133c88ef17204ae3dec467c7da8ea426b1a09296ef2cf,110.3629,30331,Multichain_Syndicate,0.25,1.7918,1.0
31,TurtleTavernTV,Tavern,TurtleTavernTV,0x664d6645a04be9e27a8b33088f85025f29d45dc1,unmasked,1136817.76,bsc,171.9401,171.9401,171.9401,171.9401,171.9401,171.9401,6,"['app_smart_money', 'kol', 'gmgn_go', 'gmgn', 'top_followed', 'top_renamed']",1136817.76,40042.66,7279.42,0.0,55.65,47.89,70.0,0.0,132109.51,10125.43,0.0,7532,401,35,2949,4583,2000,2683790.12,3,9,19,0x97abe3fed5a46b0a6be801bd6f8780f67ecdc6fd,,5.0,27956,Multichain_Syndicate,0.85,1.7918,1.0
32,cz_binancein,HearBNB | 版本之羊,cz_binancein,0xaa4e9e8f1e9c03e6de9f5f78680a0f8ae5908709,unmasked,215376.58,bsc,0.1496,0.1496,0.1496,0.1496,0.1496,0.1496,0,"['smart_degen', 'fomo', 'gmgn_go', 'launchpad_smart', 'gmgn']",215376.58,10925.77,6764.32,197.99,60.04,60.21,67.16,100.0,326572.14,76124.3,725.64,30634,2888,697,18515,12119,2000,1123482.9,0,2,21,0xeb2d2f1b8c558a40207669291fda468e50c8a0bb,0x183cf8f58eb657d42d2ab78f04b245afe7a6909551495394c4b4e55379712097,3.4724,879,Bsc_Whale_Accumulator,0.85,1.7054,1.0
33,run1ooooo1,降雨幾率,run1ooooo1,0x4d9644d05fe2123b4eafa8d7fd31b0ea430726f3,unmasked,6423829.62,bsc,13.1075,13.1075,13.1075,13.1075,13.1075,13.1075,6,"['app_smart_money', 'kol', 'axiom', 'wash_trader', 'gmgn_go', 'top_followed', 'top_renamed', 'gmgn']",6423829.62,109819.22,6358.35,841.95,52.26,51.97,43.66,31.34,740732.22,102070.13,5911.77,41775,3138,552,23122,18653,2000,1113611.85,7,29,83,0x967b77b02683dac14cac0cfdbc7fa8a103e53bde,0x28ad7ba4189a589a79ceb2b30c5d71fb1c70b9785567e56c14f84c5d68dfa293,1.5009,9970,Multichain_Syndicate,0.85,1.7918,1.0
34,absolquant,absol,absolquant,0xea89351778163b5d35db848444084bfe90a9ccbb,unmasked,-10738.8,bsc,13.0086,13.0086,13.0086,13.0086,13.0086,13.0086,6,"['kol', 'axiom', 'gmgn']",-10738.8,4615.74,6272.03,79.52,25.0,21.05,16.67,25.0,34523.55,22810.49,3702.19,1382,168,83,656,726,1491,13407830.18,1,6,32,0xe2d60cfe3cf8b2079c7df0144c5b28c03469775c,0x7cbb01cfc82458160e701b92921481aa133fd2087de31439eb51904ff567177d,2.1093,26383,Multichain_Syndicate,0.85,1.7918,1.0
35,Ash_RS9,A,Ash_RS9,0xed0ffebb4342c814947c27c2e00df6fd18bf81b8,unmasked,38597.47,bsc,0.6108,0.6108,0.6108,0.6108,0.6108,0.6108,0,"['kol', 'gmgn_go', 'gmgn']",38597.47,13593.46,6261.0,0.0,47.77,46.65,42.11,0.0,566637.86,69741.3,0.0,5885,3103,292,2318,3567,2000,549119.41,1,5,28,0x09f00126d62842f58e9de12e14832792b35f1a93,0x9612595c2a09028917bb5fac89eb279ab49a7e848303dcd0bf65c6973d91e0aa,0.29,10217,Bsc_Whale_Accumulator,0.85,1.7918,1.0
36,YYzzy_diamond,YYYzzy | GDC,YYzzy_diamond,0x20ff275ee89cbf0ece757d1691325b653dd4e756,unmasked,32133.03,bsc,9.6545,9.6545,9.6545,9.6545,9.6545,9.6545,6,"['fomo', 'kol', 'gmgn_go', 'gmgn']",32133.03,32133.03,6205.87,844.15,56.98,56.98,51.21,51.85,690299.24,146695.01,14215.01,5459,5459,1240,2270,3189,1687,308761.31,2,4,37,0x67efbf9e5175fe4d50c0c6959db1eed6360a81bb,0x4f9b654e959ead4824d2b6ede27dbf9607018da323dbb30c69bdcd253ede9717,4.5997,11569,Multichain_Syndicate,0.85,1.7918,1.0
37,0x57a01234,BSC_Trader_37,,0x57a01234c07902722dca5c7363c4cdde6b059f9d,unmasked,127642.53,bsc,9.1218,9.1218,9.1218,9.1218,9.1218,9.1218,6,"['fomo', 'smart_degen', 'launchpad_smart', 'gmgn']",127642.53,25399.85,5700.52,2747.56,30.67,29.57,24.52,35.29,666330.24,183080.66,19584.71,13109,1698,493,4502,8607,2000,1160755.52,1,1,2,0x0d0707963952f2fba59dd06f2b425ace40b492fe,0xd9ea9383463183fce3d98f868e41b6dc674895aa1d31a6f3ecac2f43f2947ee8,2.4452,311,Multichain_Syndicate,0.85,1.7918,1.0
38,BMooon97_,BlueMoon,BMooon97_,0x5f9bc316d8473d8c6634bd26f3e0932cd6bf0718,unmasked,745663.55,bsc,42.7896,42.7896,42.7896,42.7896,42.7896,42.7896,6,"['kol', 'arbitrager', 'gmgn_go', 'gmgn', 'top_followed', 'top_renamed']",745663.55,32302.39,5658.23,0.0,37.04,35.0,44.44,100.0,334077.51,18848.18,0.0,1500,131,8,693,807,2000,3163694.71,5,3,24,0x07427c476501e03b1802541625cefd1df24484d2,0x3c3784ea3ffe425024ab17171567863a6817da8566e2428fde9e780e56c19f22,0.1,4546,Multichain_Syndicate,0.85,1.7918,1.0
39,money_let7,财神爷眷顾者,money_let7,0x53c60e312c7f3d9fc15c7c021c6348364f1bafd1,unmasked,6455.69,bsc,0.6438,0.6438,0.6438,0.6438,0.6438,0.6438,0,"['kol', 'gmgn_go', 'gmgn']",6455.69,6455.69,5627.57,24.84,22.69,22.69,21.9,40.0,189108.47,37678.05,1472.0,1102,1102,246,562,540,675,549311.9,5,6,62,0x3b3228e76a9ba50c2faf56671792460fafb11bc7,0x9d6bf9e3fba097145d2c699be1324ed15dd57d6e708207095b43bd6b50c792e9,0.1,7375,Bsc_Whale_Accumulator,0.85,1.7918,1.0
40,Victo1159259,屿下,Victo1159259,0x1ad30ecfb4b4916ea4df960d03721313586af8c6,unmasked,114080.61,bsc,0.9403,0.9403,0.9403,0.9403,0.9403,0.9403,0,"['smart_degen', 'gmgn_go', 'gmgn']",114080.61,27286.32,5603.85,23.21,58.65,58.61,60.61,57.14,712638.38,167108.49,1881.97,68051,11347,2970,34811,33240,2000,186152.69,0,0,3,0x5432950bc1229f4a527657c53487af79352e027d,0x53b54b3c7cde448c4fee5bc89e333a5140e87e5c74338bdb554a47016710689f,0.1,106,Bsc_Whale_Accumulator,0.85,1.7918,1.0
41,boring616888,boring,boring616888,0xe3577dd395e5adf2b0ffac3b2f0efa47c6bb77c3,unmasked,34530.0,bsc,2.377,2.377,2.377,2.377,2.377,2.377,6,"['kol', 'gmgn_go', 'gmgn']",34530.0,34530.0,5251.94,156.08,56.08,56.08,52.59,57.14,441837.06,73451.26,1509.17,4391,4391,748,1523,2868,1820,267884.74,0,10,16,0x01c952174c24e1210d26961d456a77a39e1f0bb0,0xa157b6268aa839749550864b5100ac1d99ec0241d21c8dff562ff9304e4afbd3,2.9977,5169,Multichain_Syndicate,0.85,1.7918,1.0
42,collet9094,,collet9094,0xcc5ecdfc4f4b81e3363e6417031a4e3e3186a2f5,unmasked,133894.65,bsc,54.122,54.122,54.122,54.122,54.122,54.122,6,"['kol', 'top_followed', 'top_renamed', 'gmgn']",133894.65,10878.96,5117.39,-125.6,45.8,43.1,42.5,16.67,73751.19,57532.55,651.96,2346,354,238,811,1535,2000,8529553.63,2,12,26,0x4ab62840acfff74d25ea1df80f361ec329831bfa,,9.4889,43829,Multichain_Syndicate,0.85,1.7918,1.0
43,shenron__1,Shenron ,shenron__1,0xeeefff8ce2710fa490e0fcb794235e873c252d2e,unmasked,960031.86,bsc,9.2752,9.2752,9.2752,9.2752,9.2752,9.2752,6,"['kol', 'wash_trader', 'fomo', 'gmgn_go', 'launchpad_smart', 'top_followed', 'top_renamed', 'gmgn']",960031.86,21396.7,5097.91,11.15,33.53,32.46,30.69,100.0,480970.57,95409.98,1816.82,37849,1269,288,16103,21746,2000,1239756.2,0,11,9,0x90c03fa6c5723fc6cd6d10295135a2f752050c41,0x98046ae96daa1e6dc5938519b8b35407ac97e49315be5534cf120585a82ae607,0.6,2247,Multichain_Syndicate,0.85,1.7918,1.0
44,shenshou888,神手｜Divine hand,shenshou888,0x77e5efcf4d14f6136242dc2f5618d1854761deef,unmasked,75002.27,bsc,4.2185,4.2185,4.2185,4.2185,4.2185,4.2185,6,"['kol', 'wash_trader', 'gmgn_go', 'gmgn']",75002.27,11457.22,4948.5,-49.03,46.03,46.35,46.59,16.67,173060.89,55833.24,1336.72,10996,2540,604,5729,5267,2000,927887.33,0,7,47,0xf5988713400da6fc8a58ec9515e2b0df9b40b115,0x0eb94109628a391d3110042ecbf310fa253306e9758f21469e97455d6d46cb67,2.9974,17256,Multichain_Syndicate,0.85,1.7918,1.0
45,277422149x,荒大宝,277422149x,0x40e569e9b5458c89b4910f3ecfade0f650e92a40,unmasked,16404.11,bsc,5.2351,5.2351,5.2351,5.2351,5.2351,5.2351,6,"['kol', 'gmgn_go', 'gmgn']",16404.11,16404.11,4847.07,0.0,49.4,49.4,49.39,0.0,669802.75,175147.38,0.0,7013,7013,1980,3139,3874,2000,137355.05,0,0,5,0x9a4b28372e81ca04eac156254acb6e3c3a1a23ba,0x1efdbe5e82a192bad7b5be2e4f43691e2d94b47d4623c8d50fcc74b031526791,5.4106,983,Multichain_Syndicate,0.85,1.7918,1.0
46,pxj888,紫气东来《八方来财版》,pxj888,0x199776730d88cfa1aa54e7f41df386b80ac150c5,unmasked,195082.64,bsc,2.2982,2.2982,2.2982,2.2982,2.2982,2.2982,6,"['smart_degen', 'gmgn_go', 'kol', 'top_followed', 'gmgn']",195082.64,23653.69,4672.16,104.51,56.73,56.96,59.15,58.33,398026.82,81113.02,2773.31,34914,3561,647,20014,14900,2000,646175.65,0,2,1,0xd761782edb5f90325ccc7012ae76c784a9699355,0x9b5d288af9cb77e9c541b5a74958231b201f5f2131f565634c2386e001b6642a,0.5,3029,Multichain_Syndicate,0.85,1.7918,1.0
47,Nicole623910,TY（财神爷保佑）,Nicole623910,0xb750f03e86980a3dffdfad269a88f008bb78ea51,unmasked,252303.58,bsc,3.0742,3.0742,3.0742,3.0742,3.0742,3.0742,6,"['smart_degen', 'gmgn_go', 'gmgn']",252303.58,22074.84,4582.64,-1571.99,29.88,29.82,29.4,6.25,977702.21,194092.88,11540.44,46325,9890,2351,28650,17675,2000,363910.17,10,32,252,0x1fbe2acee135d991592f167ac371f3dd893a508b,0x9c3c087b4ba3d2954aae6e31d095f8ff0679af5cc0c1096ace9cd5ef71b6250d,1.2,111,Multichain_Syndicate,0.85,1.7918,1.0
48,technoviking46,tech,technoviking46,0x3d06315c94ac30b6061c91caf748fc2db04a89f4,unmasked,302237.91,bsc,9.1971,9.1971,9.1971,9.1971,9.1971,9.1971,6,"['axiom', 'kol', 'smart_degen', 'launchpad_smart', 'gmgn_go', 'gmgn', 'top_followed', 'top_renamed']",302237.91,9754.75,4559.42,0.0,61.48,59.33,47.37,0.0,32469.28,8413.98,0.0,2910,313,39,1132,1778,2000,3584827.45,7,19,15,0x683035da6b84ce48421534c1d3d160a8487cb9bb,0x52480987b678e565a204af715a0971852758f1f5365f596fe15ac060ad307036,1.9811,70631,Multichain_Syndicate,0.85,1.7918,1.0
49,hexiecs,冷静冷静再冷静,hexiecs,0xeb89055e16ae1c1e42ad6770a7344ff5c7b4f31d,unmasked,1671972.61,bsc,185.3413,185.3413,185.3413,185.3413,185.3413,185.3413,6,"['app_smart_money', 'kol', 'arbitrager', 'gmgn_go', 'fomo', 'top_followed', 'top_renamed', 'gmgn']",1671972.61,195845.96,4458.81,-800.38,56.52,62.5,45.45,33.33,475350.09,15255.48,5110.54,1717,228,8,827,890,2000,2582306.06,2,2,6,0xeb2d2f1b8c558a40207669291fda468e50c8a0bb,,168.1836,97819,Multichain_Syndicate,0.85,1.7918,1.0
50,feng188666,剑锋 BNB,feng188666,0xf7ff38f74c8a5b4750e5f65ae74c924a441b7b90,unmasked,1336618.69,bsc,9.7652,9.7652,9.7652,9.7652,9.7652,9.7652,6,"['kol', 'arbitrager', 'gmgn_go', 'gmgn', 'top_followed']",1336618.69,8420.62,4302.0,0.0,38.19,37.62,50.0,0.0,156906.3,6412.77,0.0,16156,736,48,6114,10042,2000,2936289.66,0,4,31,0x3c783c21a0383057d128bae431894a5c19f9cf06,0x18dc706703404a4c634b01897a7a6d7176c134af6876dca1f8c2170d8f01977d,0.005,13249,Multichain_Syndicate,0.85,1.7918,1.0
51,czcz42049382444,好柿豆花生,czcz42049382444,0xd3a71f80906876d063321ccb125f2f214993de17,unmasked,121452.02,bsc,6.0216,6.0216,6.0216,6.0216,6.0216,6.0216,6,"['kol', 'fomo', 'gmgn_go', 'gmgn', 'top_followed']",121452.02,13065.8,3872.86,0.0,37.35,37.35,36.5,0.0,359628.14,76019.13,0.0,34279,3638,745,15221,19058,2000,595562.9,0,13,13,0x73f5ebe90f27b46ea12e5795d16c4b408b19cc6f,0x71e1cd5818b3f87ce1404f29af1959eb52af71a2c66577ba44944acc8bf585ac,3.0,1435,Multichain_Syndicate,0.85,1.7918,1.0
52,technoviking46,tech,technoviking46,0x683035da6b84ce48421534c1d3d160a8487cb9bb,unmasked,25940.3,bsc,8.2625,8.2625,8.2625,8.2625,8.2625,8.2625,6,"['kol', 'smart_degen', 'gmgn_go', 'gmgn', 'top_followed']",25940.3,7905.28,3849.2,0.0,53.33,52.08,50.0,0.0,30578.23,7674.92,0.0,896,305,38,370,526,1558,2781790.36,6,8,16,0x7e37fefb243368208aa0fd1bb77a310486ec87fe,0xd25f8f9ac4e95c6fefd45180ef826491019d838863af1bf854b28fe11091827e,4.2925,70631,Multichain_Syndicate,0.85,1.7918,1.0
53,0x7586854e,BSC_Trader_53,,0x7586854ec236f3ef8e7e5c7cc55dd3b449feed98,unmasked,60302.55,bsc,0.0,0.0,0.0,0.0,0.0,0.0,0,['smart_degen'],60302.55,7600.08,3423.76,0.0,49.02,19.59,8.27,0.0,128056.96,15065.42,0.0,9089,593,80,4776,4313,2000,4076664.47,1,7,210,0xe59a33d07bee4bf4acf9b25a2db4d625c4e13744,,0.03,148,Bsc_Whale_Accumulator,0.85,0.0,1.0
54,sadd_asd77675,AlexWong | 1000X GEM,sadd_asd77675,0xb226f97bc5b01978848dc440b40c70faea7c006e,unmasked,811498.01,bsc,0.517,0.517,0.517,0.517,0.517,0.517,0,"['app_smart_money', 'kol', 'arbitrager', 'gmgn_go', 'top_followed', 'top_renamed', 'gmgn']",811498.01,29817.22,3365.02,2224.32,48.46,48.09,39.62,46.34,905589.79,326880.01,31076.62,17838,2489,852,8868,8970,2000,910564.29,3,14,36,0x990794b0ab59cccc7154ff9aa9888da26b44d3cf,0xaa591c70ece262cecbcca58ca9870b715139a35f4213f5b06a3eb34c74ef999e,0.4868,17374,Bsc_Whale_Accumulator,0.85,1.7918,1.0
55,mstzera,mstzera,mstzera,0x92662d5f5d0dbc25cce7ceba5a4160084c9e05ab,unmasked,21718.21,bsc,30.064,30.064,30.064,30.064,30.064,30.064,6,"['kol', 'gmgn_go', 'gmgn']",21718.21,2957.76,3242.39,0.0,46.5,42.86,50.0,0.0,33145.11,13465.22,0.0,411,46,10,168,243,1412,12829290.82,4,2,21,0xdcc02bf0ab1477f3d790f3b3014da9447f503b02,0x466bab84c490e547c945846f43de71109e5d37a2a994043eac7ed44f591b6a51,0.0098,18773,Multichain_Syndicate,0.85,1.7918,1.0
56,Cendolnice,Cendol 岑铎,Cendolnice,0xe9c4c7a243191961af4fd4df44cafe0fafcb2917,unmasked,185279.58,bsc,0.014,0.014,0.014,0.014,0.014,0.014,0,"['kol', 'arbitrager', 'wash_trader', 'fomo', 'gmgn_go', 'gmgn']",185279.58,489.84,3192.23,0.0,26.82,33.85,56.25,0.0,29532.62,192.84,0.0,17015,189,15,10102,6913,2000,2676965.52,2,6,71,0xea8f927039c47be6fe8e756dd7cb993278d2c2fb,0x5aff92023dfb6d11ed5941117eab250c1f97e2445f6d9cdf576b7d31fb86d4c3,1.19,2510,Bsc_Whale_Accumulator,0.85,0.3586,1.0
57,0xd3b95b1f,BSC_Trader_57,,0xd3b95b1ff9789912237a5b63d5bf4b6ed5a28548,unmasked,71052.7,bsc,1.5544,1.5544,1.5544,1.5544,1.5544,1.5544,6,"['launchpad_smart', 'gmgn']",71052.7,1984.42,3118.28,1825.53,53.89,22.85,29.17,50.0,47857.5,12334.82,2481.33,11368,1497,335,5564,5804,2000,731689.53,4,26,52,0x5800d204de066bb2e70804cb4e02c5c2b036dc16,0xad3e40bec1b1f6cdb564eb23fb7db65e366dc59b720215d0af23756b665db38c,1.0,166,Multichain_Syndicate,0.85,1.7918,1.0
58,DarkLight0023,黑暗中的光芒,DarkLight0023,0xd137469da61b84aa489058229dfe54c63a30faa0,unmasked,86489.89,bsc,8.711,8.711,8.711,8.711,8.711,8.711,6,"['smart_degen', 'gmgn_go', 'gmgn']",86489.89,50028.52,3049.74,-88.22,52.95,62.17,63.51,62.5,2435850.12,351631.07,26694.55,28172,3180,482,14064,14108,2000,2374179.16,0,0,29,0x0d0707963952f2fba59dd06f2b425ace40b492fe,0x473ed24523c2903141b0dacac4fef743c5c48776f3d65251d229370d259e0df9,0.4994,22,Multichain_Syndicate,0.85,1.7918,1.0
59,0x271c0106,BSC_Trader_59,,0x271c01063f1c978dbacc45b54ba4403c97b0d675,unmasked,65781.33,bsc,12.4763,12.4763,12.4763,12.4763,12.4763,12.4763,6,"['smart_degen', 'gmgn']",65781.33,13886.47,2918.25,-70.97,31.22,34.25,32.73,33.33,173384.24,41039.65,863.73,6310,911,237,2843,3467,2000,3670064.92,5,14,45,0xaa55b91d1b447aaf01d6168e36f3d29b6bafc78d,0xb7fd1ee3c9d2a4a663e843f2d55b4669c7ca03580b350f22563afb5e3478b039,0.2,274,Multichain_Syndicate,0.85,1.7918,1.0
60,Zemrics,Zemrics,Zemrics,0x9dbfded199ee3a6b291c223e65f97d387156aada,unmasked,683669.98,bsc,7.5361,7.5361,7.5361,7.5361,7.5361,7.5361,6,"['kol', 'wash_trader', 'fomo', 'gmgn', 'top_followed', 'top_renamed']",683669.98,5955.35,2868.75,0.0,55.93,49.44,62.5,0.0,118414.98,2742.17,0.0,17292,320,13,8030,9262,2000,2172845.55,3,7,16,0x9f0e2b68f86747c3f88541a803ca9951f4b6226b,0x39ea888e8ab8465f67473ece90c819b6c72f7d9a5ea513dfb85de9c05c8f4930,1.1998,9571,Multichain_Syndicate,0.85,1.7918,1.0
61,0xXian,小贤 0xXian,0xXian,0x5b2dda1f006a10bd894b308aaaf2309cbea1419f,unmasked,56094.06,bsc,0.0,0.0,0.0,0.0,0.0,0.0,0,"['kol', 'fomo', 'gmgn_go', 'gmgn']",56094.06,4571.52,2778.48,0.0,29.13,20.55,16.67,0.0,112641.25,43300.26,0.0,9009,477,128,5328,3681,2000,6565956.56,0,7,73,0x97b9d2102a9a65a26e1ee82d59e42d1b73b68689,0x889be104dca6d0aebb50864834c0414c504d9dafcc0b98610895a306914781f6,0.3097,3863,Bsc_Whale_Accumulator,0.85,0.0,1.0
62,corleonefnf,JAMES,corleonefnf,0xe45966b2b3b7868c07db92016188ffa86356053e,unmasked,378076.13,bsc,3.4292,3.4292,3.4292,3.4292,3.4292,3.4292,6,"['app_smart_money', 'kol', 'fomo', 'gmgn_go', 'gmgn']",378076.13,7359.26,2760.54,-882.42,50.0,37.5,33.33,0.0,15557.9,4759.35,4759.35,797,21,7,392,405,2000,3960781.81,0,1,14,0xe2fc31f816a9b94326492132018c3aecc4a93ae1,,12.2606,37608,Multichain_Syndicate,0.85,1.7918,1.0
63,dong7da7,被蜗牛追杀中,dong7da7,0xb1e65ccc2f5d68e447bf321ba9bfba35a94f5ad5,unmasked,183124.84,bsc,0.6932,0.6932,0.6932,0.6932,0.6932,0.6932,0,"['kol', 'gmgn_go', 'top_followed', 'gmgn']",183124.84,3804.82,2709.55,110.21,46.42,41.67,37.7,40.0,76578.95,19458.35,2822.73,36907,513,166,13522,23385,2000,1288816.85,1,8,33,0xf5988713400da6fc8a58ec9515e2b0df9b40b115,0x13d105046a850ce49b1ebdca937ffbd89ebb44e69cd31d14b8f5ed24fa4dd6f1,0.0623,4252,Bsc_Whale_Accumulator,0.85,1.7918,1.0
64,ArisDwiPradipta,aris.,ArisDwiPradipta,0x85f30a12840985eed55be14134b6ef0b34d38c2d,unmasked,7152.77,bsc,2.5667,2.5667,2.5667,2.5667,2.5667,2.5667,6,"['kol', 'gmgn']",7152.77,2139.51,2575.51,1143.88,23.28,21.88,27.42,50.0,92508.7,25635.33,3557.28,1026,619,164,409,617,951,1104565.71,4,15,29,0xd46539976dfb37b6fa1212aee0a42a452455f93d,0x79f317d2469d740f63cd5cc775e896eacaf495d0947044d4f22b7f2d80523e7d,0.3,40280,Multichain_Syndicate,0.85,1.7918,1.0
65,0xe50042c4,BSC_Trader_65,,0xe50042c497faa7a74f0fd24e66d82bba1f6c17a4,unmasked,48410.05,bsc,1.52,1.52,1.52,1.52,1.52,1.52,6,['launchpad_smart'],48410.05,7788.62,2564.49,627.11,49.05,52.65,60.95,65.71,147250.92,40145.28,4444.44,19631,2711,751,9812,9819,2000,1180353.44,1,13,76,0xb2e6ae995d029ea6887820ca072e385d8a92959b,0x8b04eec9e33a7eecbdfd0922c8c0c7045191a10870e81656c6793bce4826b3d9,0.35,110,Multichain_Syndicate,0.85,1.7918,1.0
66,0xf21968ba,BSC_Trader_66,,0xf21968ba364f2366a161c7f4e3dba2e8389e57a8,unmasked,23363.96,bsc,0.9851,0.9851,0.9851,0.9851,0.9851,0.9851,0,"['launchpad_smart', 'gmgn']",23363.96,8911.29,2487.0,236.54,55.37,56.43,51.5,45.45,221726.39,67745.83,2400.65,16704,7931,2567,13897,2807,2000,781482.51,0,3,30,0x6371b009862f822043a6d0aa7c5ac81b866180a3,0xea95b6bac9837b0fe29b1470ff8efc90ea598439cb37e8845b5793bfa509ce23,0.9765,95,Bsc_Whale_Accumulator,0.85,1.7918,1.0
67,CupseyV,Cupsey,CupseyV,0x0f84d2da979180394fbf9c4499febd0f602a6767,unmasked,250700.57,bsc,0.6745,0.6745,0.6745,0.6745,0.6745,0.6745,0,"['kol', 'fomo', 'smart_degen', 'gmgn_go', 'top_followed', 'top_renamed', 'gmgn']",250700.57,9161.94,2405.27,-235.26,49.23,47.91,40.24,12.5,512547.16,177584.68,4354.63,19928,2016,661,9182,10746,2000,1009380.04,1,1,3,0xddc130f889ed6fec1725f7c260faba932a58d22b,0x333de529ea0e55376a18d3e12f1abef5d3227bc7c070ab9782e6c8ba4cdee30b,3.0011,4544,Bsc_Whale_Accumulator,0.85,1.7918,1.0
68,0x5e1f51a9,BSC_Trader_68,,0x5e1f51a982cdf19fc113deb66838eb0393bf7ec1,unmasked,41134.75,bsc,0.4561,0.4561,0.4561,0.4561,0.4561,0.4561,0,['launchpad_smart'],41134.75,7967.22,2334.67,215.2,39.04,42.4,48.88,56.36,299646.89,85991.23,13116.53,40040,5248,1357,19514,20526,2000,412395.34,2,4,25,0xe23f0e96d017a01119ee1c56e72e50353764167c,0x81a26db1cc2550520caf881c3224adbd946e2823d39384cc51f577e2c3cf2c9b,0.06,124,Bsc_Whale_Accumulator,0.85,1.7918,1.0
69,gemlaicai,GEM来财(万币A8版）,gemlaicai,0xcca4b4d75775f8942f2c98adfa15c4a57c9a912d,unmasked,2286.45,bsc,1.5382,1.5382,1.5382,1.5382,1.5382,1.5382,6,"['gmgn_go', 'fresh_wallet', 'kol', 'gmgn']",2286.45,2286.45,2286.45,692.46,26.46,26.46,26.46,15.79,82948.91,82948.91,7339.54,958,958,958,574,384,384,126887.02,1,1,9,0xe2fc31f816a9b94326492132018c3aecc4a93ae1,0x7ff58498084ef5615b2af2e565dbb789d5b31338691e66150d755abf40a3f3af,1.9991,2636,Multichain_Syndicate,0.85,1.7918,1.0
70,Orang_Tk,走链去月球的宸,Orang_Tk,0x8b54982efb0d30df9eac59b3badde4ea951d20ca,unmasked,45582.74,bsc,1.5261,1.5261,1.5261,1.5261,1.5261,1.5261,6,"['smart_degen', 'launchpad_smart', 'gmgn_go', 'gmgn']",45582.74,11614.35,2197.16,271.96,35.58,35.58,34.83,38.89,376152.85,83080.77,4524.73,33061,6012,1223,21536,11525,2000,535716.0,1,1,16,0xbd612a3f30dca67bf60a39fd0d35e39b7ab80774,0xe4c5390f0e4e0107dba538071d9e8180e0c460aea1ca3997267d7d09f18a9e71,2.0,380,Multichain_Syndicate,0.85,1.7918,1.0
71,Brian_Degens,Degenerate Brian,Brian_Degens,0xe475cd3f0d0a77ec581bb6540abef60b0f3f0d57,unmasked,68670.54,bsc,7.3928,7.3928,7.3928,7.3928,7.3928,7.3928,6,"['kol', 'axiom', 'gmgn_go', 'gmgn']",68670.54,1687.11,2125.18,0.0,31.72,33.33,75.0,0.0,9036.9,4269.7,0.0,875,56,23,438,437,604,4466817.79,3,6,16,0xdda36969d019a39149360859a6a2afc1e9736cad,0xa066f36e48c69ee280e046c01827c772d2f9164e8c47713a706910648b1d41d7,0.57,12663,Multichain_Syndicate,0.85,1.7918,1.0
72,apastala5,api5,apastala5,0xa4beaea04ee42f451f38c771842489d7649b95f2,unmasked,46933.81,bsc,0.0082,0.0082,0.0082,0.0082,0.0082,0.0082,0,"['wash_trader', 'kol', 'fomo', 'gmgn_go', 'gmgn', 'top_followed']",46933.81,10470.69,2087.88,-3.03,45.93,46.49,40.24,0.0,201357.46,28986.64,834.75,47242,1661,217,34393,12849,2000,959502.16,4,18,26,0x8e32b5c5c0c8e211199df37019f8effc3facfbd7,0x8404b819aa72d6742ff934310b99016fbd4ebc47b3e531d4630ea91185c7923b,0.9915,2167,Bsc_Whale_Accumulator,0.85,0.236,1.0
73,TheFluke999,Fluke | 侥幸哥,TheFluke999,0xda8e6446c8e2c55a43599cf4f461adbfff56b311,unmasked,52574.96,bsc,7.4242,7.4242,7.4242,7.4242,7.4242,7.4242,6,"['app_smart_money', 'kol', 'wash_trader', 'gmgn_go', 'gmgn', 'top_followed', 'top_renamed']",52574.96,14478.64,1883.74,0.0,53.56,52.59,31.25,0.0,334245.88,26066.98,0.0,7371,588,41,4173,3198,2000,2654471.95,0,5,31,0x97b9d2102a9a65a26e1ee82d59e42d1b73b68689,0x911041ecb200423f57d23b2e5097733be3a219af77ff86d517b690ac9e53399f,1.4808,16628,Multichain_Syndicate,0.85,1.7918,1.0
74,0xf672ce59,BSC_Trader_74,,0xf672ce59fafd2a173d275abc626087b1eae874a2,unmasked,101676.11,bsc,3.2471,3.2471,3.2471,3.2471,3.2471,3.2471,6,"['smart_degen', 'launchpad_smart', 'top_renamed', 'gmgn']",101676.11,16584.57,1768.0,125.95,56.36,63.04,64.29,100.0,62350.67,12913.37,920.68,2463,272,73,1087,1376,1490,4149585.94,5,27,12,0x81d20b2c34d37e406659a80008723b4ea815717d,0x6f9ade82e056278e5ea70e5a23f5fd9b45e06f694806c673c3632244c96d0b1e,3.0,2678,Multichain_Syndicate,0.85,1.7918,1.0
75,panzonhl,panz.hl,panzonhl,0xf907877022b1e61232aca00661d6fb629b356d4c,unmasked,12597.15,bsc,0.8968,0.8968,0.8968,0.8968,0.8968,0.8968,0,"['arbitrager', 'fomo', 'gmgn_go', 'kol', 'top_followed', 'gmgn']",12597.15,2188.38,1767.94,66.54,50.7,56.7,58.82,100.0,35821.56,25679.62,627.23,3714,375,266,2677,1037,1073,2499318.99,1,10,10,0x117d5884cb53c86c2546de5c8d8e28f535802da0,0x3d074f6b6e15b821d2e12ef1e2ff4bc33e4702f50cf95009568f2105e1b7615a,0.1856,2509,Bsc_Whale_Accumulator,0.85,1.7918,1.0
76,milesjnixon,linhui,milesjnixon,0x2f47ca870e6febbd7cd9b7fdbe1d76467709a085,unmasked,212699.11,bsc,6.1036,6.1036,6.1036,6.1036,6.1036,6.1036,6,"['kol', 'smart_degen', 'gmgn_go', 'top_followed', 'gmgn']",212699.11,13472.28,1642.74,8.35,57.68,57.68,56.63,50.0,223752.21,22056.54,980.88,34386,4258,409,22306,12080,2000,1174192.98,0,2,9,0xa4a40b08564206d457fec01debf615d5324563a4,,1.0,1081,Multichain_Syndicate,0.85,1.7918,1.0
77,PenguBTC,Pengu ,PenguBTC,0x02c89cb00da8aec602587b2f1bb5be7e278a1801,unmasked,97830.39,bsc,2.032,2.032,2.032,2.032,2.032,2.032,6,"['fomo', 'smart_degen', 'launchpad_smart', 'gmgn']",97830.39,2632.82,1585.78,-26.07,42.42,27.93,38.89,0.0,30822.25,11425.22,495.56,11294,268,92,5373,5921,2000,1785224.37,0,13,5,0x9ea049a558a63007535df34f6f43239e7dd64aba,0xea953758964fec03cc7d868d35697e211f9851be32651fc3d09f1fa691618f74,0.9044,133,Multichain_Syndicate,0.85,1.7918,1.0
78,QuietGain8888,QuietGain,QuietGain8888,0x819ac645ff9bdda7fd6f1fdf8dabc584c88578a6,unmasked,438608.46,bsc,0.0,0.0,0.0,0.0,0.0,0.0,0,"['kol', 'gmgn_go', 'top_followed', 'top_renamed', 'gmgn']",438608.46,6037.16,1571.12,-1.83,32.04,32.96,34.36,50.0,123645.12,36946.89,12.25,18884,2251,730,8273,10611,2000,860722.07,3,18,17,0x0aa6b4291014689938d2e09db941582e1aaa7e14,,0.262,55,Bsc_Whale_Accumulator,0.85,0.0,1.0
79,kuzekinpi,kuzekin,kuzekinpi,0x2b6dde3025acf758e6350d4adb4cc74cf6146644,unmasked,176768.24,bsc,16.8393,16.8393,16.8393,16.8393,16.8393,16.8393,6,"['fomo', 'smart_degen', 'launchpad_smart', 'gmgn_go', 'gmgn']",176768.24,35037.09,1550.93,346.29,50.9,44.0,55.56,100.0,252828.09,6384.95,1857.33,2385,590,39,916,1469,1453,1836686.28,5,24,14,0xe511ef1468e084254b6b83c273b160781c938d74,0xc11a3b31f334072414d5cc818e5a150ba5679afa8354e94fbf69e5fedfc8da2e,4.6174,95,Multichain_Syndicate,0.85,1.7918,1.0
80,0xzhy,0x3,0xzhy,0x7f282a3313bc8e375f2f0893a8518b4b00ed6e55,unmasked,27309.26,bsc,45.7799,45.7799,45.7799,45.7799,45.7799,45.7799,6,"['kol', 'gmgn_go', 'wash_trader', 'gmgn']",27309.26,27309.26,1536.82,229.17,45.62,45.62,50.6,62.5,1989563.4,374190.77,4261.52,9349,9349,2716,6941,2408,1551,299732.94,1,4,20,0x93c883963af898ab7c41ef9250f9eed71506eb52,0x3cbe2c74ecd71a5e1a0606f07920bb40d968d373566caceeda31534860f6d490,20.0892,183,Multichain_Syndicate,0.85,1.7918,1.0
81,0x2292f6c6,BSC_Trader_81,,0x2292f6c630140c767b675cc60020c6e16f37a9d2,unmasked,30388.35,bsc,8.8882,8.8882,8.8882,8.8882,8.8882,8.8882,6,['launchpad_smart'],30388.35,7338.76,1490.67,280.31,70.32,69.51,70.0,100.0,76169.69,18060.27,1405.89,1599,327,76,390,1209,956,3052013.55,0,0,4,0x515b72ed8a97f42c568d6a143232775018f133c8,0x5d8b86080e86eb0e43d03f448d8a740cfe47fcd6912c0d318d46732deeb48efa,2.0,133,Multichain_Syndicate,0.85,1.7918,1.0
82,ShaBitrader1,菜就多练,ShaBitrader1,0x00bbebb4522ad6bdf2b363872b9b5cc0661acda1,unmasked,244787.57,bsc,11.8913,11.8913,11.8913,11.8913,11.8913,11.8913,6,"['smart_degen', 'fomo', 'gmgn_go', 'gmgn']",244787.57,109923.35,1402.26,35.36,51.11,52.4,49.09,45.45,1310624.78,24633.16,3981.58,19102,5343,137,6872,12230,2000,440192.09,2,36,12,0x3c783c21a0383057d128bae431894a5c19f9cf06,0xef845556581ccd875aa386483bc491668c132527b79db7122ea736eb391854c4,5.0,48,Multichain_Syndicate,0.85,1.7918,1.0
83,EdisonZz798,0xStar.Z（蜕变打狗天才版）,EdisonZz798,0x1dde452ba18505865deaa29b84be2191943579ab,unmasked,19002.62,bsc,1.1328,1.1328,1.1328,1.1328,1.1328,1.1328,6,"['kol', 'wash_trader', 'gmgn_go', 'gmgn']",19002.62,4069.41,1317.44,230.76,42.08,45.69,38.82,31.25,53229.56,23978.2,3092.78,7687,836,310,4842,2845,2000,2153878.4,3,5,3,0x55d88126f9d4fbfe3c5d6039d982180271518cfd,0x10097ff4c6e4c4d5923167cb40faa470a4b5d78dac75de55ce91193d6a8712ae,0.6141,40714,Multichain_Syndicate,0.85,1.7918,1.0
84,0x314e6555,BSC_Trader_84,,0x314e6555bd6b8775101965959324f5ab8a049494,unmasked,41888.52,bsc,0.0669,0.0669,0.0669,0.0669,0.0669,0.0669,0,['smart_degen'],41888.52,8286.0,1305.16,-48.24,58.06,60.58,63.27,44.44,1008474.98,178726.56,2947.85,32460,8362,1705,13242,19218,2000,1238080.95,0,1,3,0x8881f4d8d56d007ed8e18c74db7450c467a55dff,0xf39b12dcad197a6283bab80e0d9edfa69b5999ee22359e4a946846dc10c57b7c,1.4862,481,Bsc_Whale_Accumulator,0.85,1.0852,1.0
85,0p88j,AWAKEN,0p88j,0x043b0945b6d878e593d8ea7737c53f17a01e906e,unmasked,44092.48,bsc,2.139,2.139,2.139,2.139,2.139,2.139,6,"['launchpad_smart', 'gmgn_go', 'gmgn']",44092.48,10035.8,1269.55,192.62,43.71,43.28,40.25,50.0,598995.37,84020.3,6780.07,24849,6982,1158,17016,7833,2000,220510.02,0,1,12,0x3fc07c0f3cd2ecaf5805bef8c53077e8dc9e5752,0x228f422b0d9687581c2027bfd0dd04ab96a92e022144cbd6847cb9f0d585d0aa,1.17,2,Multichain_Syndicate,0.85,1.7918,1.0
86,michelMX65,Michel | BNB,michelMX65,0x7f7cfb554704357395ed3a9fd6a7fdee4cd89457,unmasked,6321.85,bsc,6.5504,6.5504,6.5504,6.5504,6.5504,6.5504,6,"['kol', 'fomo', 'gmgn_go', 'gmgn']",6321.85,1400.45,1248.48,960.59,47.1,46.31,43.4,36.36,87025.35,26915.76,2408.22,5752,1536,440,3354,2398,2000,1278643.86,0,5,34,0x73f5ebe90f27b46ea12e5795d16c4b408b19cc6f,0x4ea18aed77079d9d9c21b12f6475b2d0af245780a662e69673853430c0cd0840,0.475,4617,Multichain_Syndicate,0.85,1.7918,1.0
87,Web3shenqing,深情丨先信BNB,Web3shenqing,0xd216cf8ee73da8438a3e57dc63703043cfb6e075,unmasked,139883.99,bsc,6.1991,6.1991,6.1991,6.1991,6.1991,6.1991,6,"['kol', 'wash_trader', 'launchpad_smart', 'gmgn_go', 'top_followed', 'gmgn']",139883.99,41231.62,1217.24,78.36,36.25,36.25,32.92,75.0,1613811.98,111897.31,4651.64,68846,9607,652,45195,23651,2000,385031.27,1,8,21,0xdce9ba509c14e87ce540d224dc57f817d4fdddee,0x4550b019872f6deab9f758cad64673d636ad18964b5fb87ad73bc177a2be5cdf,0.0531,39249,Multichain_Syndicate,0.85,1.7918,1.0
88,zhaocaidev,招财猫BNB（钻石手）,zhaocaidev,0xd44e17d5daeab4ec126e2c8395758b55f959298b,unmasked,258442.66,bsc,25.0196,25.0196,25.0196,25.0196,25.0196,25.0196,6,"['launchpad_smart', 'smart_degen', 'gmgn']",258442.66,-7746.26,1176.15,-21.6,34.63,33.4,35.04,16.67,270385.26,37877.38,373.58,19655,2466,594,6396,13259,2000,1294758.14,1,10,99,0x3b8673e7a6fe06c844f521c22534c3be64166113,0xec1267eb1ca2dfa4116230642364c7d329b657d24688bcbf63b8cfc64cd79d38,0.1,376,Multichain_Syndicate,0.85,1.7918,1.0
89,0xfa53a6c3,BSC_Trader_89,,0xfa53a6c3a7cc6d08f925aca46c49433b945ed335,unmasked,13424.7,bsc,0.6028,0.6028,0.6028,0.6028,0.6028,0.6028,0,"['launchpad_smart', 'gmgn_go', 'gmgn']",13424.7,2621.89,1154.34,-100.09,33.17,33.27,36.12,34.62,106773.94,50228.8,7970.22,7814,1591,722,3347,4467,2000,1023294.84,0,9,12,0xf018befc4beccc1b2235a9fa67cb08cf4d4d1bc9,0x14da2f5e02ce8afcaa83a0c910261a859bdc258a4b1e3e097fc543fc931c0e72,0.3,46,Bsc_Whale_Accumulator,0.85,1.7918,1.0
90,0xb7b05d0d,BSC_Trader_90,,0xb7b05d0db435dc8fa5238189d9b07f0ee3dc8317,unmasked,26235.57,bsc,4.4032,4.4032,4.4032,4.4032,4.4032,4.4032,6,"['smart_degen', 'launchpad_smart', 'gmgn']",26235.57,1714.21,1080.26,-31.49,37.93,30.71,30.43,0.0,58076.14,7579.71,165.5,3067,461,91,1246,1821,1263,1237380.57,3,15,31,0x876b77c72309bf84e5ae97e2a332f226c6591010,0x822f9c95a9fb02d67f7b6f68e7629ab3a4d6f3ac80ffecfe07c064a76983692e,1.9685,113,Multichain_Syndicate,0.85,1.7918,1.0
91,okmetom,TOM ,okmetom,0xef395d6a8ef0fa4f2593ee3e10b9fd4df1fa9c2e,unmasked,11688.73,bsc,10.2124,10.2124,10.2124,10.2124,10.2124,10.2124,6,"['gmgn_go', 'kol', 'gmgn']",11688.73,11646.41,1056.92,-416.88,40.94,40.94,43.11,31.58,656744.38,256817.09,6734.75,6247,6246,2357,2208,4039,1976,170949.83,0,3,121,0xcb05f4005e0eb182b707aa8a7ff8f0970cef9509,0xf8f7fd0dcdf4471d796e1e11f0610053ad119ab6a33d8db6815731dbabea63e6,7.0,11237,Multichain_Syndicate,0.85,1.7918,1.0
92,0x81d20b2c,BSC_Trader_92,,0x81d20b2c34d37e406659a80008723b4ea815717d,unmasked,145490.87,bsc,6.0761,6.0761,6.0761,6.0761,6.0761,6.0761,6,"['smart_degen', 'launchpad_smart', 'gmgn']",145490.87,15691.54,1028.93,50.01,61.22,62.64,46.43,50.0,64933.03,12172.99,842.82,3090,273,73,1412,1678,1724,4352471.07,8,27,17,0xa95dcc3aa54346eca79c88ce879fd7209984635a,0x61370f6de88ef073c8bbe09266bca020ef3b99a1c9c042c3e8f78514b1033fd6,0.3707,1900,Multichain_Syndicate,0.85,1.7918,1.0
93,0x31af5d14,BSC_Trader_93,,0x31af5d14994392788b28cfbba714f02de4b98a83,unmasked,12180.44,bsc,1.3042,1.3042,1.3042,1.3042,1.3042,1.3042,6,['launchpad_smart'],12180.44,5165.27,1003.35,55.59,59.92,72.03,68.52,80.0,78208.9,20850.94,277.18,2603,492,136,1381,1222,1348,1181652.53,0,2,6,0x161ba15a5f335c9f06bb5bbb0a9ce14076fbb645,0x6f44188bed764ceaa37967bbff74d71d379b4a18e32e445bc4c66188049b2a5a,0.5,49,Multichain_Syndicate,0.85,1.7918,1.0
94,gold_burger,Hamburger BNB,gold_burger,0xdb3a65a512dee57cbf4d8c797fcbad290dcde953,unmasked,8359.58,bsc,13.3919,13.3919,13.3919,13.3919,13.3919,13.3919,6,"['kol', 'gmgn_go', 'gmgn']",8359.58,8359.58,943.3,0.0,38.6,38.6,62.96,0.0,136154.4,8149.54,0.0,2334,2334,129,840,1494,784,491023.32,0,5,16,0xf5988713400da6fc8a58ec9515e2b0df9b40b115,0xaec4de8e32ce31d5820ecbac3e2e9030939d32b77f5fd6bad8ae5bf962d33c1a,0.5324,16179,Multichain_Syndicate,0.85,1.7918,1.0
95,0x0024876d,BSC_Trader_95,,0x0024876da9dae609a89a60d6c195541b6399d7ba,unmasked,23859.47,bsc,4.0453,4.0453,4.0453,4.0453,4.0453,4.0453,6,"['launchpad_smart', 'gmgn']",23859.47,2413.54,943.01,-239.85,33.53,29.66,22.5,33.33,178686.38,73262.08,3795.49,8171,1414,611,2663,5508,2000,977237.45,0,9,12,0xe2fc31f816a9b94326492132018c3aecc4a93ae1,0xabef097ad03510bdcc7ef7c6cdf42847870777d5de33b8633f50223ce23ee6cf,0.195,203,Multichain_Syndicate,0.85,1.7918,1.0
96,notdecu,decu,notdecu,0x15ad62a925d767310716b94ff4b9430dd7a5aa67,unmasked,9125.94,bsc,4.6159,4.6159,4.6159,4.6159,4.6159,4.6159,6,"['kol', 'smart_degen', 'gmgn_go', 'gmgn', 'top_followed', 'top_renamed']",9125.94,908.1,908.1,0.0,42.86,100.0,100.0,0.0,1466.05,1466.05,0.0,1866,12,12,1111,755,1487,2137892.71,1,3,10,0x1123cac5db40f43fa9dead55fdf26f43a6347456,0x7f57936a66a9b9401d95e34e43b2363d9a58e5579577763161d0da48e6a1c979,0.2732,96888,Multichain_Syndicate,0.85,1.7918,1.0
97,pe___lu,pedrolucio (humble arc ),pe___lu,0x347ffc6db9acc54ac2019795173b9599e8b82bd9,unmasked,29095.06,bsc,0.4754,0.4754,0.4754,0.4754,0.4754,0.4754,0,"['kol', 'arbitrager', 'gmgn_go', 'top_followed', 'top_renamed', 'gmgn']",29095.06,1686.41,887.84,-37.09,44.17,41.67,41.67,0.0,19285.02,3505.94,478.48,7397,472,57,3703,3694,2000,3062701.9,0,1,7,0xfd2204757ab46355e60251386f823960acccefe7,,0.4009,2867,Bsc_Whale_Accumulator,0.85,1.7918,1.0
98,shanheBTC888,山河,shanheBTC888,0xb999da0ab2cb8fbf493d0ca73672924ad1d111e5,unmasked,-3308.75,bsc,1.5832,1.5832,1.5832,1.5832,1.5832,1.5832,6,"['kol', 'gmgn_go', 'fomo', 'gmgn']",-3308.75,-684.55,885.14,97.59,57.64,60.17,63.29,66.67,202239.63,30162.27,246.98,7984,2016,354,5651,2333,2000,3059500.75,1,0,42,0x73f5ebe90f27b46ea12e5795d16c4b408b19cc6f,,1.5468,6843,Multichain_Syndicate,0.85,1.7918,1.0
99,0x9a983a53,BSC_Trader_99,,0x9a983a5356bd37207ba8e6e33bd9be126f340a95,unmasked,20624.92,bsc,8.4267,8.4267,8.4267,8.4267,8.4267,8.4267,6,"['smart_degen', 'launchpad_smart', 'gmgn']",20624.92,4377.7,846.64,-14.31,62.2,53.21,46.67,57.14,101959.59,32330.16,2999.97,1721,370,107,713,1008,1111,2990290.14,0,0,16,0xeb2d2f1b8c558a40207669291fda468e50c8a0bb,0xa991ed22c555eb729336b61f6b396b0adc164c088c7b26f24b6d44885aa2a854,1.1201,600,Multichain_Syndicate,0.85,1.7918,1.0
100,0x73296bd8,BSC_Trader_100,,0x73296bd87fe5c59e2367e000c220d46e67172c48,unmasked,64414.61,bsc,6.6413,6.6413,6.6413,6.6413,6.6413,6.6413,6,"['launchpad_smart', 'gmgn_go', 'gmgn']",64414.61,3671.15,731.19,77.73,57.81,50.33,47.06,66.67,25626.67,6278.82,473.59,5837,454,96,2233,3604,2000,5318073.2,1,22,51,0xb5424865e853412b93c4a5caf7024ef74e878f37,0x76c46f5b0ce9ba92dcc2b3e26a4ae009f594af4ea3b803f6b8ed56a6e4918320,8.2,704,Multichain_Syndicate,0.85,1.7918,1.0
1,krybharat,Bharat Krymo,krybharat,0x0871deb34bfd2052b1c10dc4f6c0912a2a47e927,unmasked,-521944.0,base,0.0201,0.0201,0.0201,0.0201,0.0201,0.0201,0,"['kol', 'fomo']",-521944.0,26869.23,44582.29,44582.29,25.33,25.0,50.0,50.0,206064.85,142309.06,73766.12,1076,12,5,565,511,917,13504795.77,1,0,2,0xcc9823abdf361031b4c93b3a73668e594f7b661f,0xd4e9a276e4d868367c9c9de9af7fa4d460d88b6d753c029d61d3f8708d70fc58,1.3467,123467,Base_Whale_Accumulator,0.85,0.4706,2.0
2,0x606d2c43,BASE_Trader_2,,0x606d2c436a07be40c276a6176bb1376c34e49ee9,unmasked,-153753408.91,base,3.8073,3.8073,3.8073,3.8073,3.8073,3.8073,6,['snipe_bot'],-153753408.91,10477.53,4764.8,0.0,23.22,31.25,100.0,100.0,24061.41,7775.71,0.0,1994,39,7,975,1019,2000,14290061.39,1,3,21,0xe06bc9a7dd986bdf6ab56049c9cdb48768dbfbc7,0x932439fc5159189993bd9e3cfe039f303f49b261b7d3382a77fed02b662818a3,0.0048,149,Multichain_Syndicate,0.25,1.7918,1.2
3,Beautrj,Beaut,Beautrj,0x05c17ffad91bbd8e07bb896c15b792e073686183,unmasked,165922.59,base,6.1647,6.1647,6.1647,6.1647,6.1647,6.1647,6,"['kol', 'gmgn']",165922.59,8180.79,3735.5,0.0,49.06,43.75,100.0,0.0,93846.49,16581.43,0.0,2213,151,37,923,1290,745,6744853.44,3,9,8,0x396b51c87639de2f5b4e71bd2325bd01a35a4db5,0xc503bc3eefeeadf58f453441500c562e9440eb8ceaa79619860a2ee53d650d61,0.02,1337,Multichain_Syndicate,0.85,1.7918,4.0
4,panzonhl,panz.hl,panzonhl,0xf907877022b1e61232aca00661d6fb629b356d4c,unmasked,80841.57,base,0.5491,0.5491,0.5491,0.5491,0.5491,0.5491,0,"['gmgn_go', 'kol', 'gmgn']",80841.57,6931.71,3411.95,0.0,40.93,42.22,60.0,0.0,41122.39,9592.67,0.0,8470,151,20,4556,3914,2000,3450361.19,0,3,7,0x8c826f795466e39acbff1bb4eeeb759609377ba1,0x08d0215dfe9ca84af79fc962695c055901ac81f568f15b4289f53a81eaf7ae25,0.1036,2509,Base_Whale_Accumulator,0.25,1.7918,2.67
5,jeffthedunker,GREEN JEFF,jeffthedunker,0x37a6156e4a6e8b60b2415af040546cf5e91699bd,unmasked,5902.81,base,0.0124,0.0124,0.0124,0.0124,0.0124,0.0124,0,['kol'],5902.81,2874.99,3082.74,3082.74,33.33,25.0,50.0,50.0,30888.92,0.0,0.0,91,21,0,37,54,549,11506210.31,0,0,0,0x8fdf5ffd5956834d157881173267f9e8a7275941,0x55c29669de1bacbf6b4134c0bd6cb790168690fda78b1f232c022dff9fe3e65d,0.0642,10264,Base_Whale_Accumulator,0.85,0.3274,2.0
6,fhn_gt,"fhn.gt (,)",fhn_gt,0xe5e9ffe707ee071998340972af6fb178f5c64ba6,unmasked,-671.24,base,0.024,0.024,0.024,0.024,0.024,0.024,0,['kol'],-671.24,2239.46,2222.7,159.98,47.06,33.33,50.0,50.0,69963.94,40117.02,12534.85,1361,22,14,891,470,2000,4796666.31,0,0,1,0xf70da97812cb96acdf810712aa562db8dfa3dbef,0x6ee73941877a4cdfd0d2a617c6034a1d163b879f216eb67f83674cbe4ed0e412,2.5,847,Base_Whale_Accumulator,0.85,0.5379,3.0
7,100y_eth,100y,100y_eth,0xb2f9bbc5db84a95b598cab0c464cf92d584d8900,unmasked,-1708.2,base,4.0794,4.0794,4.0794,4.0794,4.0794,4.0794,6,['kol'],-1708.2,1886.47,1822.81,0.0,31.25,33.33,50.0,0.0,16619.97,10411.36,0.0,220,11,2,85,135,465,12469715.96,0,0,1,0x08b00ceee2fb66029b53d76110b19eeaabfd1e65,0x88f84c2a7c200a49489f52db1d99789db3b8a2dfe26f4203de6b8bf73eff6ccc,0.049,20899,Multichain_Syndicate,0.25,1.7918,2.0
8,gheezfn,Gheez,gheezfn,0x5e8343066704cea8f254b637b3e4fc9be6ab318a,unmasked,4390.91,base,1.3784,1.3784,1.3784,1.3784,1.3784,1.3784,6,"['kol', 'gmgn_go', 'gmgn']",4390.91,1485.75,1637.31,0.0,37.04,33.33,50.0,0.0,4576.08,3114.97,0.0,146,21,19,33,113,263,6414464.62,0,2,0,0x3807771db053dae9ead980692b6ef85c9c10f0bd,0xd5f78c3cc317cd83b9f7e8d45b4f556a08e94da19160def12f8f31552d079e06,0.0049,7791,Multichain_Syndicate,0.85,1.7918,3.5
9,0xf99583d3,BASE_Trader_9,,0xf99583d39e0a967d45d7faf0b28235bf4623c268,unmasked,69777.02,base,0.9413,0.9413,0.9413,0.9413,0.9413,0.9413,0,"['snipe_bot', 'bluechip_owner']",69777.02,1740.49,1274.6,230.89,39.58,40.0,45.45,100.0,25416.63,4095.89,252.22,4740,211,28,2013,2727,2000,11523788.06,16,15,49,0xc69fddc31d2620dce0b9b8df16232d6c4027c847,0x4d1e63fa7a901f7a0ee64fe87c2dbb1f2da49465bda60dd268eed8f4e0e0d15f,0.0098,430,Base_Whale_Accumulator,0.85,1.7918,1.5
10,erichsu_eth,Erichsu.eth,erichsu_eth,0x5865363bb04450ab313dcd2e71a189efb3c31e41,unmasked,8044.17,base,0.0,0.0,0.0,0.0,0.0,0.0,0,"['kol', 'gmgn_go', 'fomo']",8044.17,1923.41,1255.94,0.0,27.91,39.13,100.0,0.0,14440.96,3547.3,0.0,333,88,11,73,260,2000,3595427.62,1,2,7,0xdce8f21fce964796ba522449664d72412db3f948,0x5f8956eef9a0dc45d7498d4b201026fb6efad88332e032e7d4948ef000903354,0.002,9646,Base_Whale_Accumulator,0.25,0.0,1.0
11,pe___lu,pedrolucio (humble arc ),pe___lu,0x347ffc6db9acc54ac2019795173b9599e8b82bd9,unmasked,215508.03,base,2.1934,2.1934,2.1934,2.1934,2.1934,2.1934,6,"['kol', 'fomo', 'gmgn_go', 'gmgn']",215508.03,4335.68,1226.86,-7.5,53.42,54.11,83.33,100.0,60447.67,4426.0,366.54,16574,711,62,8111,8463,2000,692161.25,0,1,0,0xfd2204757ab46355e60251386f823960acccefe7,,0.05,2867,Multichain_Syndicate,0.85,1.7918,1.0
12,alkuap,alkuuu | AP,alkuap,0x1df3160f73fd6c1bec394c51fc20b7b2a91d6330,unmasked,82059.89,base,0.506,0.506,0.506,0.506,0.506,0.506,0,"['kol', 'gmgn', 'gmgn_go', 'fomo']",82059.89,4850.97,1170.24,-6.34,43.38,38.98,34.62,33.33,104764.34,24913.47,225.4,11476,393,97,5290,6186,2000,674655.28,0,2,5,0xf961a9fbff8f1d9aebcf99035b9c32a219ad7fce,0xa44dd5a2062301c6240de0b43fe1b3061616318a334d4445663cc372eea16e12,0.11,2823,Base_Whale_Accumulator,0.25,1.7918,1.67
13,0xfd7e55a5,BASE_Trader_13,,0xfd7e55a555555c2f25053a38ec744de1afea4fa4,unmasked,190148.68,base,1.4349,1.4349,1.4349,1.4349,1.4349,1.4349,6,"['snipe_bot', 'gmgn_go', 'smart_degen', 'gmgn']",190148.68,2023.13,1082.21,0.0,32.59,35.0,100.0,0.0,60622.7,4683.89,0.0,3084,221,7,1439,1645,2000,1756831.29,0,5,21,0xfdaf199ae935753c70824f6c73d4877ddceea57b,0x746a6551cf300bd4f158ed338a363e3afe3e1f9d2cf934928cb45008c545a636,34.0,38627,Multichain_Syndicate,0.25,1.7918,2.25
14,0x98c43da6,BASE_Trader_14,,0x98c43da65205b7c53a857d79f3d1f6fbc0b76fa5,unmasked,592828.64,base,49.4491,49.4491,49.4491,49.4491,49.4491,49.4491,6,['snipe_bot'],592828.64,12138.33,1071.75,334.87,60.98,61.76,72.73,100.0,162315.79,9686.66,832.01,6840,238,19,3743,3097,2000,1178121.29,0,1,2,0x1036aa69aa4a4be579d448f4f00dc05063ea5172,0x336c691cac72b28124da41dc1bc80465195e101d46184a52520ccf5dbe8a6bfa,0.1784,4701,Multichain_Syndicate,0.25,1.7918,2.0
15,CupseyV,Cupsey,CupseyV,0x0f84d2da979180394fbf9c4499febd0f602a6767,unmasked,32681.57,base,0.4693,0.4693,0.4693,0.4693,0.4693,0.4693,0,"['kol', 'fomo', 'gmgn_go', 'gmgn']",32681.57,2297.2,746.19,0.0,56.86,53.15,39.13,0.0,100034.02,32956.49,0.0,3315,374,88,1583,1732,2000,520471.29,1,0,2,0x39591e7c099a379fd7b349ebfecaeef439c40454,0x1ee0c1b852a7d1e504e6b229fd1b5352d0fd584a0470683b07b3cb55d7e9ad76,0.1525,4544,Base_Whale_Accumulator,0.25,1.7918,2.25
16,shenron__1,Shenron ,shenron__1,0xeeefff8ce2710fa490e0fcb794235e873c252d2e,unmasked,15604.79,base,1.3988,1.3988,1.3988,1.3988,1.3988,1.3988,6,"['kol', 'gmgn_go', 'gmgn']",15604.79,4454.48,532.29,0.0,10.48,15.38,38.46,75.0,87158.83,14922.0,0.0,439,228,51,156,283,309,3566044.1,2,0,7,0x4518dd705579bb43d2629d2425b0551180fccefb,0x55a79a130f7ee2f155431f046a8d1cb341453954e1f01ac0845745de61351799,0.7029,2247,Multichain_Syndicate,0.25,1.7918,1.5
17,0x59905d5d,BASE_Trader_17,,0x59905d5d085e0caf031ba883b821ba354e51f95e,unmasked,236711.09,base,1.0846,1.0846,1.0846,1.0846,1.0846,1.0846,6,['snipe_bot'],236711.09,5739.64,501.69,0.0,46.89,48.1,55.56,0.0,114194.28,7889.25,0.0,8289,358,28,3859,4430,2000,773038.83,0,1,9,0x74b0e133bee3384dfcfa60b31d85d8e2062de811,0xcd2fa9d8caf5c425397355786efe5f5fbf1f5944dcd7130f3fff4bf32bbce957,0.0993,75701,Multichain_Syndicate,0.25,1.7918,1.0
18,0xJyEth,0xJy.eth ,0xJyEth,0x2849857d9b640fd2104c4607c6c23dec3c798370,unmasked,34350.02,base,0.001,0.001,0.001,0.001,0.001,0.001,0,['kol'],34350.02,236.73,488.39,0.0,41.67,50.0,100.0,0.0,3034.04,924.88,0.0,552,5,3,279,273,2000,3812209.24,0,0,2,0x3bdb03ad7363152dfbc185ee23ebc93f0cf93fd1,0xe2cc769c50b69718881f59e3ca27171a17d0f206598c4df88f8c9c805b1bdf1b,1.4985,5954,Base_Whale_Accumulator,0.85,0.0411,1.0
19,technoviking46,tech,technoviking46,0x3d06315c94ac30b6061c91caf748fc2db04a89f4,unmasked,57963.81,base,3.0254,3.0254,3.0254,3.0254,3.0254,3.0254,6,"['kol', 'gmgn_go', 'gmgn']",57963.81,1053.31,485.51,0.0,47.06,46.15,100.0,0.0,3867.97,813.19,0.0,694,16,2,269,425,2000,4193880.47,0,3,3,0xa95dcc3aa54346eca79c88ce879fd7209984635a,0xc044a30332a62841c32be1f4d84aca548d68db653174c55a21145cdc03fed0fd,0.172,70631,Multichain_Syndicate,0.25,1.7918,1.25
20,whashywash,whashywash,whashywash,0x609f2c912175f8cd4438c1882f291fa6a4b4c735,unmasked,25435.8,base,4.9535,4.9535,4.9535,4.9535,4.9535,4.9535,6,"['kol', 'gmgn_go', 'fomo', 'gmgn']",25435.8,2395.82,365.47,-106.92,41.67,43.48,100.0,100.0,32428.44,7371.62,768.85,688,89,13,311,377,2000,1750557.88,0,0,2,0x4ba5b67c5ea7575bf549459004c21535aa1bfb9a,0xc5c989cc6c8ab5c2d1b01af0a31ca74a474fa8b8c11c5623644f83cba9f09480,0.4,25332,Multichain_Syndicate,0.25,1.7918,2.67
21,NeoCallss,NΞO,NeoCallss,0xe28601398a5448d1147e6e8b0e0c6d686f0d216d,unmasked,24365.02,base,2.2081,2.2081,2.2081,2.2081,2.2081,2.2081,6,"['kol', 'gmgn_go', 'fomo', 'gmgn']",24365.02,5589.32,319.76,341.11,49.35,47.06,50.0,50.0,73044.92,13156.15,2928.22,1086,170,28,493,593,531,2646533.14,1,4,8,0x3807771db053dae9ead980692b6ef85c9c10f0bd,0xe7a650456fe8bb448db7020795a35fc802ba21c5a97865afcf8899c993c5af6a,0.8942,28825,Multichain_Syndicate,0.85,1.7918,1.0
22,frostyyy,Frosty,frostyyy,0x0b3edd0d0bf7c6281a7f8ae5a5630defb94ae78e,unmasked,138242.13,base,10.3157,10.3157,10.3157,10.3157,10.3157,10.3157,6,"['kol', 'gmgn_go', 'gmgn']",138242.13,4508.71,313.86,0.0,55.06,52.63,100.0,0.0,36207.2,2651.11,0.0,987,49,4,396,591,2000,3479861.92,1,7,3,0x319f1319ce00022591c30a862e06570954f88388,0xc2ea2946252f4453859d8b5c1a2960bc32d2c6a76671e5e8b3fb077f07bf930e,0.01,236585,Multichain_Syndicate,0.25,1.7918,1.67
23,0xyukaz,yukaz（开卷考）,0xyukaz,0xa05ec35f7d1eba823cff2ed26aeaed419683742f,unmasked,435615.89,base,0.4961,0.4961,0.4961,0.4961,0.4961,0.4961,0,"['kol', 'bluechip_owner', 'fomo', 'gmgn_go', 'gmgn']",435615.89,28322.72,255.88,134.33,49.44,47.5,66.67,100.0,107743.01,9205.22,732.89,2508,136,9,1265,1243,2000,1918178.25,3,3,11,0x3bdb03ad7363152dfbc185ee23ebc93f0cf93fd1,0x0ee11029c277d6f05258a761f57488a42cccec23a5b6e43ebf2a1b2a62add808,0.363,16435,Base_Whale_Accumulator,0.25,1.7918,2.4
24,collet9094,,collet9094,0xcc5ecdfc4f4b81e3363e6417031a4e3e3186a2f5,unmasked,-1075.57,base,0.5514,0.5514,0.5514,0.5514,0.5514,0.5514,0,"['kol', 'fomo', 'gmgn']",-1075.57,594.92,176.36,0.0,40.0,100.0,100.0,0.0,6272.51,3034.49,0.0,76,18,9,34,42,141,5456589.41,0,0,2,0x3807771db053dae9ead980692b6ef85c9c10f0bd,0x1d508d50ca296314b6b04dd1b1e117686f69fbeb8d807b1fba650dbb8b2690ea,0.0117,43829,Base_Whale_Accumulator,0.85,1.7918,2.0
25,gold_burger,Hamburger BNB,gold_burger,0xdb3a65a512dee57cbf4d8c797fcbad290dcde953,unmasked,186.21,base,0.2502,0.2502,0.2502,0.2502,0.2502,0.2502,0,"['kol', 'gmgn_go', 'gmgn']",186.21,186.21,128.07,0.0,33.33,33.33,100.0,100.0,8838.51,384.19,0.0,49,49,3,21,28,19,271190.89,0,0,0,0xae0b8d167f7594b5091d72d24c26c93ddb01433d,0xec1335528ed09d748a46f368ba877ae736ae6f5aec4d056bcea8631864182be9,0.183,16179,Base_Whale_Accumulator,0.85,1.7918,1.5
26,rcivNFT,rciv,rcivNFT,0x3310fd13c6c55f054cc128439e1e51cd0cb16fed,unmasked,-20998.27,base,0.2314,0.2314,0.2314,0.2314,0.2314,0.2314,0,"['kol', 'fomo']",-20998.27,74.63,74.63,74.63,20.45,50.0,100.0,100.0,0.0,0.0,0.0,302,0,0,141,161,1275,14919193.98,0,1,16,0x1b1d2149d656f8ca33fb633e6f642b5a2426b53d,0xf14d987c556aa83aeb5c0963b439bedb10863560781bd33de799d18c990b656c,1.0116,8695,Base_Whale_Accumulator,0.25,1.7918,1.0
27,teddi_speaks,King.sol ,teddi_speaks,0xd3abaa759af897122c876b87cf386f748cb213a8,unmasked,5066.1,base,0.0063,0.0063,0.0063,0.0063,0.0063,0.0063,0,['kol'],5066.1,148.34,23.05,0.0,16.13,28.57,50.0,0.0,259.86,33.01,0.0,69,10,2,14,55,310,12395510.59,2,0,1,0xf70da97812cb96acdf810712aa562db8dfa3dbef,0x71a50408c0aeaab62b4b975507b6116e89d79d7d5ed42a9b82fdd35812e9441c,0.01,141852,Base_Whale_Accumulator,0.25,0.1916,1.67
28,Rex416_NFT,Rex416.eth,Rex416_NFT,0x6609dfa1cb75d74f4ff39c8a5057bd111fba5b22,unmasked,-34.15,base,0.0001,0.0001,0.0001,0.0001,0.0001,0.0001,0,"['bluechip_owner', 'kol']",-34.15,11.81,11.81,0.0,0.0,0.0,0.0,0.0,0.0,0.0,0.0,10,0,0,3,7,181,19859068.81,0,0,0,,,,7929,Base_Whale_Accumulator,0.25,0.0056,1.0
29,0xa12fa237,BASE_Trader_29,,0xa12fa23701f00ad2663e339386d65cd94a144cbc,unmasked,17677360.97,base,19.9777,19.9777,19.9777,19.9777,19.9777,19.9777,6,['snipe_bot'],17677360.97,1473.92,6.5,0.0,44.24,33.33,28.57,0.0,352643.49,155668.84,34592.61,110091,80,28,50178,59913,2000,17867503.87,48,29,8,0x1df9d61a56e5e05332268ba12caf89e83a1abc4e,0x70543143ce0d45dc342738d96ad674f5b70cba0173eb07726c01cd9574393140,2.1319,68,Multichain_Syndicate,0.85,1.7918,1.0
30,SmolHydra,Hydra,SmolHydra,0xeb20b344612e8825ca07206f40f2b88e5afd5dd3,unmasked,-4246.73,base,0.0181,0.0181,0.0181,0.0181,0.0181,0.0181,0,['kol'],-4246.73,5.41,4.85,0.0,38.46,40.0,100.0,0.0,408.67,404.07,0.0,280,5,4,100,180,2000,4299088.57,0,0,0,0x866165778e2c1a23cd3c1c2cdaa02df865fcc526,0x976b749924d38cb6958bd6810085d4fecd637515623bbb5ea15f4c14cb19862a,0.025,1174,Base_Whale_Accumulator,0.25,0.4364,1.67
31,buythedipnhodl_,BuyTheDipNHodl,buythedipnhodl_,0x217946e128c1b9c7f8c3f16b33878a908713923a,unmasked,28041.8,base,0.5187,0.5187,0.5187,0.5187,0.5187,0.5187,0,['kol'],28041.8,3610.37,4.26,43.72,38.61,55.88,53.85,60.0,21745.27,1307.98,356.63,1830,115,10,985,845,627,3535756.17,2,1,6,0x18bead774f927af586f86f6d054c269416e163dd,0x47d4890b75afb7033d9b01aea1ed11327dae908fd1aba88567bcfa1191508b2d,1.1637,5915,Base_Whale_Accumulator,0.85,1.7918,1.0
32,bizyugo,bizyugo.hl,bizyugo,0xbdfa4f4492dd7b7cf211209c4791af8d52bf5c50,unmasked,-2261.04,base,1.9162,1.9162,1.9162,1.9162,1.9162,1.9162,6,['kol'],-2261.04,7.05,2.59,1.89,8.33,100.0,100.0,100.0,1272.87,485.12,197.35,61,10,3,11,50,885,13757230.42,0,0,0,0x39591e7c099a379fd7b349ebfecaeef439c40454,0x628675ae536c5bdfec0fcdd536c8484fb2c06184cb13c7addcaae49610de797b,0.033,74727,Multichain_Syndicate,0.85,1.7918,1.0
33,bloodredfrog,bloodredfrog,bloodredfrog,0x0cef7feff37208e1295ac6537445a9b5bc566fd5,unmasked,-5446.41,base,0.0,0.0,0.0,0.0,0.0,0.0,0,"['kol', 'fomo']",-5446.41,1.25,0.86,0.0,10.88,33.33,50.0,0.0,60.05,46.58,0.0,528,2,1,224,304,1413,13261914.81,0,1,38,0xf70da97812cb96acdf810712aa562db8dfa3dbef,0x6cffa6165b452dc40612c7a41af907df99c2b53e3037f803b695406a8d2168fa,0.0325,10033,Base_Whale_Accumulator,0.85,0.0009,1.0
34,aomra_00,aomoon,aomra_00,0x821d92e6e62a2004e2cec914c23a9f346add0331,unmasked,1500.07,base,1.0509,1.0509,1.0509,1.0509,1.0509,1.0509,6,['kol'],1500.07,0.4,0.27,0.0,8.82,28.57,66.67,0.0,1112.99,246.81,246.81,235,5,1,113,122,801,14164571.38,0,0,4,0x8c826f795466e39acbff1bb4eeeb759609377ba1,0x30cc96f51c8da933ced319393e8df855b865027f58c823f5e071bb90079d4a0f,0.0109,8933,Multichain_Syndicate,0.85,1.7918,1.0
35,Connoreo,Connor,Connoreo,0x2f5eb3f35df41a6bfbd17faaf0130b3d4228759e,unmasked,37373.11,base,0.5891,0.5891,0.5891,0.5891,0.5891,0.5891,0,"['kol', 'gmgn_go', 'gmgn']",37373.11,553.28,0.21,0.0,42.86,66.67,100.0,100.0,6214.48,1.72,0.0,669,15,2,305,364,502,7623388.69,2,1,4,0xa17d0bfebad536cd1ea7343c4584fc3b48b032f2,0x9c53215b478b51c800b4e63eb618df337931db2fbd3470d5b831a554f73234a2,0.053,24245,Base_Whale_Accumulator,0.85,1.7918,1.0
36,dragonfly,Dragonfly ＞|＜,dragonfly,0xbea07b01e8fe3936a3d206158521a87addb65cfe,unmasked,0.0,base,0.0,0.0,0.0,0.0,0.0,0.0,0,['kol'],0.0,0.0,0.0,0.0,0.0,0.0,0.0,0.0,0.0,0.0,0.0,0,0,0,0,0,0,0.0,0,0,0,,,,1486907,Base_DEX_Scalper,0.85,0.0,1.0
37,a16z,a16z,a16z,0x05e793ce0c6027323ac150f6d45c2344d28b6019,unmasked,0.0,base,0.0,0.0,0.0,0.0,0.0,0.0,0,['kol'],0.0,0.0,0.0,0.0,0.0,0.0,0.0,0.0,0.0,0.0,0.0,0,0,0,0,0,8,0.0,0,0,0,,,,1089741,Base_DEX_Scalper,0.85,0.0,1.0
38,Cgo_d188,wealth,Cgo_d188,0x48d064323252e3a60e352fe27b9e8979090c37a8,unmasked,0.0,base,0.0,0.0,0.0,0.0,0.0,0.0,0,['kol'],0.0,0.0,0.0,0.0,0.0,0.0,0.0,0.0,0.0,0.0,0.0,0,0,0,0,0,0,0.0,0,0,0,,,,20221,Base_DEX_Scalper,0.85,0.0,1.0
39,leo919,LEO919,leo919,0x7f3fb054e59bc0ceaca7c13423a66565795128c7,unmasked,0.0,base,0.0,0.0,0.0,0.0,0.0,0.0,0,['kol'],0.0,0.0,0.0,0.0,0.0,0.0,0.0,0.0,0.0,0.0,0.0,0,0,0,0,0,0,0.0,0,0,0,,,,8109,Base_DEX_Scalper,0.85,0.0,1.0
40,0x80c9faf6,BASE_Trader_40,,0x80c9faf6ee0538f7a11be306e73b365bb092b56f,unmasked,83655.4,base,0.9452,0.9452,0.9452,0.9452,0.9452,0.9452,0,"['snipe_bot', 'gmgn']",83655.4,675.51,0.0,0.0,61.11,33.33,0.0,0.0,5523.34,0.0,0.0,2964,8,0,1279,1685,1592,9616073.59,2,4,24,0xaca70c52fe7d8532d9f22e05bd53b347e2cc8877,0x6fc0dcc2b21c3ffc7d7b60a388ec770b556f37e1668ac883d638968fda7964ba,0.2612,5153,Base_Whale_Accumulator,0.85,1.7918,1.0
41,zsf11221,小易,zsf11221,0xe4ef584eb114335ad6deedf89d845527a06e1d28,unmasked,-333.99,base,0.0006,0.0006,0.0006,0.0006,0.0006,0.0006,0,['kol'],-333.99,0.0,0.0,0.0,0.0,0.0,0.0,0.0,0.0,0.0,0.0,10,0,0,4,6,42,14217314.66,0,0,1,0x8c826f795466e39acbff1bb4eeeb759609377ba1,0xdb98f36b7ff2d1276823dea2364c84f7447ddfa91d9fad0eebeaa1688865ccd1,0.0747,12124,Base_Whale_Accumulator,0.85,0.0253,1.0
42,0xblackchip,black chip,0xblackchip,0xacd0cea3607626a6198bbb50718eb84ee7e5799d,unmasked,7465.56,base,0.4575,0.4575,0.4575,0.4575,0.4575,0.4575,0,"['kol', 'gmgn_go', 'gmgn']",7465.56,686.21,0.0,0.0,38.1,50.0,0.0,0.0,6386.89,0.0,0.0,1329,26,0,750,579,2000,4413426.4,0,1,3,0x3807771db053dae9ead980692b6ef85c9c10f0bd,0x94c26ccead64259069c43afbdbb9c060ec92f378824f4004052eda0a8e868b2b,0.0016,7489,Base_Whale_Accumulator,0.85,1.7918,1.0
43,EnteringWealth,ENTERING WEALTH |,EnteringWealth,0x4a55d7558af03e72ee161591db97f0ed840a81dc,unmasked,29.54,base,0.0,0.0,0.0,0.0,0.0,0.0,0,['kol'],29.54,29.54,0.0,0.0,100.0,100.0,100.0,100.0,294.77,0.0,0.0,2,2,0,1,1,1,87848.0,0,0,0,0x11eb628be6644914cac1ddd10fc47953478beb69,0x465007dec72623d59e4dd5ce18b124b28cc1d6076cd606bed0337d580f4c29ac,0.063,3673,Base_Whale_Accumulator,0.85,0.001,1.0
44,DejunGp,得均,DejunGp,0x388300a95a7353810aa51a2b472cc5a38b91dede,unmasked,-309.35,base,0.0,0.0,0.0,0.0,0.0,0.0,0,['kol'],-309.35,0.0,0.0,0.0,42.11,0.0,0.0,0.0,0.0,0.0,0.0,70,0,0,30,40,66,21568667.9,0,0,1,0x3304e22ddaa22bcdc5fca2269b418046ae7b566a,0x15703f246fa2304031c8535052a6ea1cfdfec2a4306e14c3cd72991cb8bdc923,0.1998,4936,Base_Whale_Accumulator,0.85,0.0,1.0
45,100xDan,Dan,100xDan,0x9782d08d2d8657b154e00e8d43bc0150ee5febaa,unmasked,7278.02,base,0.0005,0.0005,0.0005,0.0005,0.0005,0.0005,0,"['kol', 'gmgn_go', 'gmgn']",7278.02,620.32,0.0,0.0,12.5,20.0,0.0,0.0,6324.85,0.0,0.0,71,16,0,27,44,30,1347174.4,0,1,3,,,,7390,Base_Whale_Accumulator,0.85,0.0237,1.0
46,nineteen_888,就叫19,nineteen_888,0x9db43bb875e10bad12cdf798b14f279e3775ddff,unmasked,1045.74,base,0.0,0.0,0.0,0.0,0.0,0.0,0,"['kol', 'gmgn_go', 'gmgn']",1045.74,81.14,0.0,0.0,39.66,50.0,0.0,0.0,871.68,0.0,0.0,235,4,0,117,118,113,2020075.06,0,0,2,0x316e5de2a59a42c2cbb762a713443aff8ed3ee55,0xb70642b843876e27c063715972dc5032e84877dead63b9ead14d57fceb9213f2,0.187,31279,Base_Whale_Accumulator,0.85,0.0,1.0
47,Huang2024,Huang 黄,Huang2024,0x629fe6d73d5ca48c1b5e4ef35bb7319080c4aba5,unmasked,-2724.19,base,0.0001,0.0001,0.0001,0.0001,0.0001,0.0001,0,"['kol', 'gmgn', 'gmgn_go']",-2724.19,306.35,0.0,0.0,21.74,75.0,100.0,0.0,3328.47,0.0,0.0,135,7,0,64,71,92,3404174.58,0,0,1,0x78518e991daca403011da7e1c428efd5819d0af9,0x742b346a21f18bfa6889976f59e9081670042369fdc23721e3ccec6fb17c89df,0.818,25425,Base_Whale_Accumulator,0.85,0.0048,1.0
48,0xAlif,0xAlif,0xAlif,0x81b24791bc6c6713adf55c4f135f13639e92e5ae,unmasked,-72.62,base,0.0096,0.0096,0.0096,0.0096,0.0096,0.0096,0,['kol'],-72.62,0.81,0.0,0.0,26.19,44.44,0.0,0.0,4.84,0.0,0.0,86,6,0,38,48,858,17433807.66,0,1,3,0xd451316e6f075f52b46cb8aa3bea085ffb2560e9,0x1d8b520a22d578876cbedb0433e4b4466c10185ea5c28baa218407016eeb956f,0.0015,5284,Base_Whale_Accumulator,0.85,0.2685,1.0
49,CRYPTOALBATROSS,LloydApeman,CRYPTOALBATROSS,0x66883274f20a617e781c3f869c48ed93a041f178,unmasked,426.04,base,0.0039,0.0039,0.0039,0.0039,0.0039,0.0039,0,['kol'],426.04,125.2,0.0,0.0,25.0,0.0,0.0,0.0,0.0,0.0,0.0,19,0,0,10,9,50,6939066.12,1,0,0,,,,9486,Base_Whale_Accumulator,0.85,0.1301,1.0
50,FrankYoungBao,JimmyOYoung,FrankYoungBao,0x695b065ddf17ca69f4b1b77f1a0680cd438f1970,unmasked,-3513.56,base,1.0108,1.0108,1.0108,1.0108,1.0108,1.0108,6,"['kol', 'gmgn']",-3513.56,4198.28,0.0,0.0,47.62,50.0,0.0,0.0,26732.24,0.0,0.0,140,22,0,80,60,63,16326665.85,0,1,3,0x66e598312629fec5f2b04c38d0fb04d7c9acd256,0xfbef01c122cdcdd59b4c246e28fc33e73dac9787ace3d93db7a08fd4ca4d5857,3.0,13966,Multichain_Syndicate,0.85,1.7918,1.0
51,Edward__Park,Wecryptotogether (Theo/acc),Edward__Park,0x231b405c333db6d81adeaadf4c6ff3940ea5db21,unmasked,-599.0,base,0.0044,0.0044,0.0044,0.0044,0.0044,0.0044,0,['kol'],-599.0,486.34,0.0,0.0,17.14,100.0,0.0,0.0,2120.43,0.0,0.0,106,3,0,41,65,628,10933939.51,0,0,1,0xf70da97812cb96acdf810712aa562db8dfa3dbef,0x6360d70043ce8cd50411a240ab642bab0da3a2b9d0cd84730de71d032a32d784,0.7979,43946,Base_Whale_Accumulator,0.85,0.1439,1.0
52,YYzzy_diamond,YYYzzy | GDC,YYzzy_diamond,0x20ff275ee89cbf0ece757d1691325b653dd4e756,unmasked,101.99,base,0.0006,0.0006,0.0006,0.0006,0.0006,0.0006,0,"['gmgn', 'kol', 'gmgn_go']",101.99,101.99,0.0,0.0,100.0,100.0,0.0,0.0,1290.29,0.0,0.0,2,2,0,1,1,2,562450.5,0,0,0,,,,11569,Base_Whale_Accumulator,0.85,0.0249,1.0
53,cryptolfggo,里奇,cryptolfggo,0xaf3d75ac07863a715de23954aeb26f1ab1a6cac1,unmasked,-156.79,base,0.0157,0.0157,0.0157,0.0157,0.0157,0.0157,0,['kol'],-156.79,175.86,0.0,0.0,18.75,100.0,0.0,0.0,1235.62,0.0,0.0,29,3,0,6,23,306,16919996.82,0,0,1,0x97b9d2102a9a65a26e1ee82d59e42d1b73b68689,0x381076fa03968977515f6c92c25aaf3395f7fddabaa8c4732aecd5edfb5ae4ce,0.0077,30727,Base_Whale_Accumulator,0.85,0.3909,1.0
54,0xETHRex,0xETHRex,0xETHRex,0xa60aadf62907bf06dd714781d44bbd4c2d783259,unmasked,-34265.27,base,0.2525,0.2525,0.2525,0.2525,0.2525,0.2525,0,['kol'],-34265.27,1711.36,0.0,0.0,13.45,33.33,0.0,0.0,243.47,0.0,0.0,794,1,0,383,411,1145,14230511.26,0,1,8,,,,33,Base_Whale_Accumulator,0.85,1.7918,1.0
55,_SVVVG3,SVVVG3,_SVVVG3,0xf631eae9033f881a35091f221ac20ee0c6b05310,unmasked,435.31,base,0.0013,0.0013,0.0013,0.0013,0.0013,0.0013,0,"['bluechip_owner', 'kol', 'fomo']",435.31,175.62,0.0,0.0,30.56,41.67,0.0,0.0,0.0,0.0,0.0,3,0,0,0,3,869,17424160.91,1,0,0,0x380d89b06a1a596a2c4f788daaabc2dcc6493888,0x909c041b857a77748c38e41757f1cdce00bd3f7e7e6f59d46b1ae353618f641b,0.1,10658,Base_Whale_Accumulator,0.85,0.0517,1.0
56,malemale8888,crypto prince,malemale8888,0x5f6d7e7e2eaaa6fc96994f1e24bcacf6321fde11,unmasked,0.0,base,0.0,0.0,0.0,0.0,0.0,0.0,0,"['kol', 'gmgn_go']",0.0,0.0,0.0,0.0,0.0,0.0,0.0,0.0,0.0,0.0,0.0,0,0,0,0,0,0,0.0,0,0,0,,,,42825,Base_DEX_Scalper,0.85,0.0,1.0
57,BTC_Alert_,ALERT的会所,BTC_Alert_,0x039d4461f3dacbf69830d64fe5cca5e180c49858,unmasked,197.94,base,0.0002,0.0002,0.0002,0.0002,0.0002,0.0002,0,"['kol', 'gmgn_go']",197.94,0.0,0.0,0.0,100.0,0.0,0.0,0.0,0.0,0.0,0.0,3,0,0,2,1,87,8010652.09,0,0,0,0x97b9d2102a9a65a26e1ee82d59e42d1b73b68689,0x0814680f2b36a3ec53af3840a80c7b87497b2de0cf8bc1e134eb54be60a56806,1.8507,44172,Base_Whale_Accumulator,0.85,0.0102,1.0
58,punk6995,Barbossa (Crashout arc)‍,punk6995,0xdf2a8e398b97899ecda4db93bb00eee386338d3a,unmasked,1591.9,base,0.0002,0.0002,0.0002,0.0002,0.0002,0.0002,0,"['kol', 'gmgn_go', 'gmgn']",1591.9,98.37,0.0,0.0,47.06,50.0,0.0,0.0,632.33,0.0,0.0,96,2,0,44,52,2000,2577585.18,0,1,2,0x06b3dd220941964447796646042bfac9537bd60b,0xe35ba2d4dc9a3a16c7d75f8d51a03742f996f6601ee13ec59214971a9f13be34,0.8,7836,Base_Whale_Accumulator,0.85,0.0102,1.0
59,stacy_muur,Stacy Muur,stacy_muur,0xaa9543f2eff0e7a4b267f839612945841172b02f,unmasked,0.57,base,0.1372,0.1372,0.1372,0.1372,0.1372,0.1372,0,"['kol', 'fomo']",0.57,0.18,0.0,0.0,9.09,25.0,100.0,100.0,0.0,0.0,0.0,12,0,0,5,7,614,15208999.1,0,0,0,0x074d6544ebfcae752023a03b6c81a156eae78167,0x58ba25cc905d4ab52d003f7e06aed7ae4bac978124c1e6c48daf589373d2425c,2.5474,78100,Base_Whale_Accumulator,0.85,1.6354,1.0
60,nyenchenn,陈佩佩,nyenchenn,0xcbc04b6607e7ebe0373c3ee361ba396b8ecb721c,unmasked,83916.77,base,0.0004,0.0004,0.0004,0.0004,0.0004,0.0004,0,"['kol', 'fomo', 'gmgn', 'gmgn_go']",83916.77,21741.3,0.0,0.0,30.84,30.56,0.0,0.0,84898.63,0.0,0.0,2583,122,0,1372,1211,661,3738310.14,2,2,34,0x3807771db053dae9ead980692b6ef85c9c10f0bd,0x0a63a81b4d82f4faa75c72fecd340af07ce91076779a053bbf6aee8833c7d81a,0.1093,8309,Base_Whale_Accumulator,0.85,0.0177,1.0
61,kreo444,kreo,kreo444,0x7551fd7a88afd941ddcc0a4f1cb62cf85afdae61,unmasked,4301.23,base,0.9011,0.9011,0.9011,0.9011,0.9011,0.9011,0,"['kol', 'gmgn_go', 'gmgn']",4301.23,410.44,0.0,0.0,50.0,50.0,0.0,0.0,5968.38,0.0,0.0,51,17,0,25,26,118,8352139.25,0,2,0,0x0ffbd22ea27dacae7ca971d8ea397626d96b256d,0x29bda4b1c5d72f0d846581141390158f72dfe228e0229d357e294d942f7b651f,0.0594,35027,Base_Whale_Accumulator,0.85,1.7918,1.0
62,H2H_JIWOO_,지우,H2H_JIWOO_,0x92ec9b0cacf6e110d57a9cfe8d5abb472ff3efb4,unmasked,0.0,base,0.0,0.0,0.0,0.0,0.0,0.0,0,['kol'],0.0,0.0,0.0,0.0,0.0,0.0,0.0,0.0,0.0,0.0,0.0,0,0,0,0,0,0,0.0,0,0,0,,,,9593,Base_DEX_Scalper,0.85,0.0,1.0
63,SmokezXBT,Smokez,SmokezXBT,0x9f626d6e0b39f9d37c676f13230fbd4f07d8d4a8,unmasked,0.0,base,0.0,0.0,0.0,0.0,0.0,0.0,0,['kol'],0.0,0.0,0.0,0.0,0.0,0.0,0.0,0.0,0.0,0.0,0.0,0,0,0,0,0,0,0.0,0,0,0,,,,67269,Base_DEX_Scalper,0.85,0.0,1.0
64,BitPuPu,铺二爷BitPuPu,BitPuPu,0x7f1daf4d2729b3065d9cea2422cd5480fddbc000,unmasked,0.0,base,0.0,0.0,0.0,0.0,0.0,0.0,0,['kol'],0.0,0.0,0.0,0.0,0.0,0.0,0.0,0.0,0.0,0.0,0.0,0,0,0,0,0,0,0.0,0,0,0,,,,27142,Base_DEX_Scalper,0.85,0.0,1.0
65,0x0cbb693e,BASE_Trader_65,,0x0cbb693e0199cb7ad4f3c846f43045cb95247fc5,unmasked,-28008.87,base,4.4035,4.4035,4.4035,4.4035,4.4035,4.4035,6,['snipe_bot'],-28008.87,3252.75,0.0,0.0,39.09,33.33,0.0,0.0,2010.98,0.0,0.0,1931,4,0,1292,639,2000,14563225.29,0,0,14,0x0cbb693e0199cb7ad4f3c846f43045cb95247fc5,0xc2c9b9a8a902227793fd55fb7ea26ade31a55546898101c3191b7f6780d448d5,0.01,201,Multichain_Syndicate,0.85,1.7918,1.0
66,Esee06257,Esee,Esee06257,0x492cba689a5560e98008c4d032a139f5c0d1ff6e,unmasked,-1049.6,base,0.0005,0.0005,0.0005,0.0005,0.0005,0.0005,0,"['kol', 'gmgn', 'gmgn_go']",-1049.6,1561.4,0.0,0.0,26.4,20.0,0.0,0.0,5076.41,0.0,0.0,664,34,0,401,263,412,9400427.96,1,0,9,0x1b1d2149d656f8ca33fb633e6f642b5a2426b53d,0xded6cf96976c09d805fe7a871271b7e88213d7da3330f14c06329ee657082ce3,1.0269,23612,Base_Whale_Accumulator,0.85,0.0228,1.0
67,0xleng1,Leng,0xleng1,0x99514773a40f64e52ae3014c7836cf0e703dd0b1,unmasked,468.79,base,0.0005,0.0005,0.0005,0.0005,0.0005,0.0005,0,"['kol', 'gmgn_go', 'gmgn']",468.79,130.94,0.0,0.0,45.45,100.0,0.0,0.0,2197.04,0.0,0.0,113,25,0,63,50,68,5799364.08,0,1,1,0xdac5352649e7a03a42d7d73c8c31a6beceed100a,0x95af669af16c577fafc45aa748690b90b1a3794a42b05584f1f54b2dd0f9aa01,0.4,40216,Base_Whale_Accumulator,0.85,0.0233,1.0
68,0xecd1f3e9,BASE_Trader_68,,0xecd1f3e99caa4cdbf174ad12ce79d89a8ba54fca,unmasked,201943.31,base,0.1137,0.1137,0.1137,0.1137,0.1137,0.1137,0,"['snipe_bot', 'fomo', 'smart_degen']",201943.31,0.0,0.0,0.0,30.0,0.0,0.0,0.0,0.0,0.0,0.0,1981,0,0,941,1040,2000,3209415.94,0,1,1,0x78ca0d29b697b72f4e31d8e5130c0463fffac93e,0x00436fcd67c0f4aa82eefaa8d23245b13c95d275d15f69b8249f6da0d9e1424c,0.99,5074,Base_Whale_Accumulator,0.85,1.4829,1.0
69,Hercules_algo,hercules,Hercules_algo,0xbef491231527c9efb47c45603b85ea66439714a5,unmasked,-770.83,base,0.0071,0.0071,0.0071,0.0071,0.0071,0.0071,0,['kol'],-770.83,0.26,0.0,0.0,19.64,50.0,0.0,0.0,0.89,0.0,0.0,609,1,0,320,289,464,11452742.02,0,0,2,0xb4807865a786e9e9e26e6a9610f2078e7fc507fb,0x0edcd695ae20d30461b0fdaee9f51aeadd88aff5d5ed245ab22d6369d12c2e0f,0.0314,6023,Base_Whale_Accumulator,0.85,0.2111,1.0
70,zachxbt,ZachXBT,zachxbt,0x3f1c0ea76342cc3427962452891f8de8649a301b,unmasked,845.21,base,0.0,0.0,0.0,0.0,0.0,0.0,0,"['kol', 'fomo']",845.21,746.9,0.0,0.0,47.22,100.0,0.0,0.0,0.0,0.0,0.0,133,0,0,79,54,358,10410466.01,0,1,2,0x3bdb03ad7363152dfbc185ee23ebc93f0cf93fd1,0xddd8f03b7bd17d5e0c131c63a06a2b1a27c76749b8ad4f55d7c1e49ca42d464f,0.1366,1108632,Base_Whale_Accumulator,0.85,0.0006,1.0
71,0xf11ae5d5,BASE_Trader_71,,0xf11ae5d5d7898c6e56d625b21378f8947a3a8694,unmasked,21514.3,base,1.7767,1.7767,1.7767,1.7767,1.7767,1.7767,6,['snipe_bot'],21514.3,355.66,0.0,0.0,45.7,40.0,50.0,0.0,6878.16,0.0,0.0,856,16,0,367,489,453,7588144.47,3,7,17,0xba68aae3ef4124479fc1dc1165fb2936e6a3524f,0x87d71c5368c9863dcadf6485716c5a05998c9149fd044fbc3db09fb499fca733,0.6,59,Multichain_Syndicate,0.85,1.7918,1.0
72,loldefi,loldefi*,loldefi,0xd5c2db008b969c4ef65ef1b625d0f7d8cc480240,unmasked,-1100.05,base,0.0,0.0,0.0,0.0,0.0,0.0,0,['kol'],-1100.05,26.62,0.0,0.0,7.69,33.33,33.33,0.0,270.01,0.0,0.0,16,2,0,3,13,121,8335447.6,0,0,0,,,,26366,Base_Whale_Accumulator,0.85,0.0022,1.0
73,lukecannon727,Luke Cannon,lukecannon727,0x8874174a2366668d54fea6343f71709389563c8a,unmasked,1572.21,base,0.0047,0.0047,0.0047,0.0047,0.0047,0.0047,0,['kol'],1572.21,156.05,0.0,0.0,53.85,100.0,100.0,0.0,0.04,0.0,0.0,58,2,0,41,17,632,13493415.98,0,0,0,0x9f9f92b81c310294cf65189d93e4134e64f237d5,0x4dce2e4a3da83dd4dfa4d2884d0fc6d1b9f1072379f9d59b2c21a99bfd504fa8,0.1234,12627,Base_Whale_Accumulator,0.85,0.1508,1.0
74,matt_willemsen,Matt Willemsen,matt_willemsen,0xe6a5f1690fcda05d9ba0a663b6e7ddf3c97eb7b1,unmasked,4953.0,base,0.0027,0.0027,0.0027,0.0027,0.0027,0.0027,0,"['bluechip_owner', 'kol', 'gmgn', 'fomo']",4953.0,434.76,0.0,0.0,35.76,45.45,100.0,100.0,12636.14,4369.52,0.0,1222,82,3,539,683,2000,14142504.89,2,4,33,0x3603867aae9ccb85300c7fc2fb059708ae7506c4,0x1a2f1ae11c65d55a7237b8cc605fd86c5811921921521733d9423c9de2ceaf2d,0.0752,9086,Base_Whale_Accumulator,0.85,0.0969,1.0
75,lanyihou,蓝衣侯-搏杀ai,lanyihou,0x42756ec8febdf07248211b6aa6376a66502878da,unmasked,-3208.02,base,0.0042,0.0042,0.0042,0.0042,0.0042,0.0042,0,"['kol', 'gmgn']",-3208.02,383.75,0.0,0.0,23.4,25.0,0.0,0.0,1252.15,0.0,0.0,183,2,0,110,73,414,13225340.11,1,0,9,0xb3aab613d9922a3e74414b7a6cfa8269faac2acc,0x80cc913e754dfdf707dd33fbd80b43e736a7deb6d10104d5fe634487cedfeb20,0.01,106977,Base_Whale_Accumulator,0.85,0.1381,1.0
76,Cgo_d188,wealth,Cgo_d188,0x14c8fd5aa39930a8baf4b9ce0e9d1a258e50f4e6,unmasked,91.11,base,0.0001,0.0001,0.0001,0.0001,0.0001,0.0001,0,['kol'],91.11,0.0,0.0,0.0,60.0,0.0,0.0,0.0,0.0,0.0,0.0,12,0,0,7,5,7,0.0,0,0,0,,,,20221,Base_DEX_Scalper,0.85,0.0058,1.0
77,0x8f6448ea,BASE_Trader_77,,0x8f6448ea8a6a0d223acf4f2746dab5d032c65b72,unmasked,0.0,base,0.0,0.0,0.0,0.0,0.0,0.0,0,['smart_degen'],0.0,0.0,0.0,0.0,0.0,0.0,0.0,0.0,0.0,0.0,0.0,0,0,0,0,0,212,10581572.41,0,0,0,0x8c826f795466e39acbff1bb4eeeb759609377ba1,0x8d1dd766def7059c23a601f19281e8e56868fd678fbe053cf7968fb6a1d2e4fd,0.01,16130,Base_Whale_Accumulator,0.85,0.0,1.0
78,bagufps,b,bagufps,0xa3d3fed954a332992cfec8c606eeb2a25fbb3864,unmasked,7554.2,base,1.7155,1.7155,1.7155,1.7155,1.7155,1.7155,6,"['kol', 'gmgn']",7554.2,1315.07,0.0,0.0,45.0,33.33,0.0,0.0,6760.16,0.0,0.0,106,3,0,39,67,232,8659714.58,0,2,2,0x749bc2e192329fdf409dc5b391869edabff3a993,0xbcdcc3b9eeb9975b83a499b41fceace8392dbbbae348e2dcd28327e9ec92519a,0.042,14157,Multichain_Syndicate,0.85,1.7918,1.0
79,GuruG_crypto,DeScientist,GuruG_crypto,0x9224bbb4e0fbe2f2f8fab55debc41eb21fdfb804,unmasked,-8670.83,base,0.0107,0.0107,0.0107,0.0107,0.0107,0.0107,0,['kol'],-8670.83,575.36,0.0,0.0,17.46,33.33,0.0,0.0,3135.33,0.0,0.0,289,11,0,163,126,821,10421387.17,0,0,0,0x239d9dc235a4a886fb07d0e91f29e643a62dcc02,0xa331f8f159d2c4f563b54538baf25b56ba52700e145efc1b64bbde515b1ce3fe,0.01,702,Base_Whale_Accumulator,0.85,0.2918,1.0
80,CipherLight5426,半盏流年,CipherLight5426,0x5b617e16732c9f7f1445b1639bf241451c6f1789,unmasked,-0.12,base,0.0,0.0,0.0,0.0,0.0,0.0,0,['kol'],-0.12,0.0,0.0,0.0,0.0,0.0,0.0,0.0,0.0,0.0,0.0,3,0,0,1,2,0,0.0,0,0,0,0xbd5ab6704dcb98d9263868a692a11fe10c2d99f3,0xf5b705cecb5639877479421a3046f5898e0dcd6f0197a99504cbd92705fbb09f,0.2972,61,Base_DEX_Scalper,0.85,0.0,1.0
81,0x1c4be61a,BASE_Trader_81,,0x1c4be61af408446207d2d443ac247118fd84fed8,unmasked,0.0,base,0.0,0.0,0.0,0.0,0.0,0.0,0,['smart_degen'],0.0,0.0,0.0,0.0,0.0,0.0,0.0,0.0,0.0,0.0,0.0,0,0,0,0,0,2000,2730738.61,0,0,0,,,,261,Base_Whale_Accumulator,0.85,0.0,1.0
82,KZMKBL,Kazım,KZMKBL,0x0064f043786e8c597d6565fcbf4f0989bdd0f9a3,unmasked,-34.42,base,0.0619,0.0619,0.0619,0.0619,0.0619,0.0619,0,['kol'],-34.42,3.86,0.0,0.0,100.0,100.0,0.0,0.0,50.3,0.0,0.0,112,1,0,40,72,2000,3401750.77,0,0,0,0xc462ac695b5e324bfbbf5c00501486f951d90a57,0x39d54767aad9f7e3914fb18f3c778c6d3e365c3e1d47bbd8b4cc88d7a95daf1c,0.004,9133,Base_Whale_Accumulator,0.85,1.033,1.0
83,BMooon97_,BlueMoon,BMooon97_,0x5f9bc316d8473d8c6634bd26f3e0932cd6bf0718,unmasked,-34482.58,base,0.0244,0.0244,0.0244,0.0244,0.0244,0.0244,0,"['kol', 'gmgn_go', 'gmgn']",-34482.58,43.79,0.0,0.0,100.0,100.0,0.0,0.0,4999.61,0.0,0.0,195,7,0,93,102,2000,5827027.95,0,0,0,0x07427c476501e03b1802541625cefd1df24484d2,0x5cd04ee21a6e35ab889fa2c0328fa3b2beeec0e1b70765a37c7bd5c2d8ae5cad,4.0,4546,Base_Whale_Accumulator,0.85,0.5443,1.0
84,i_icepy,icepy.eth,i_icepy,0x4a40eb870dcf533d4dc097c3d87aafe9f64490a1,unmasked,2288.41,base,0.0655,0.0655,0.0655,0.0655,0.0655,0.0655,0,['kol'],2288.41,0.53,0.0,0.0,31.25,50.0,0.0,0.0,7.25,0.0,0.0,1146,1,0,710,436,2000,5284559.55,0,0,0,0x3304e22ddaa22bcdc5fca2269b418046ae7b566a,0x027b7972fb6593aacc849d3a8baf0e4362e87d182b6d2b8f5f218a8f62265af2,0.1,6595,Base_Whale_Accumulator,0.85,1.0712,1.0
85,CCCWDP,冲出重围的屁,CCCWDP,0xc0f24234a31050186b88c622a1389deec81f133e,unmasked,-150.07,base,0.0009,0.0009,0.0009,0.0009,0.0009,0.0009,0,"['kol', 'gmgn_go']",-150.07,0.0,0.0,0.0,0.0,0.0,0.0,0.0,0.0,0.0,0.0,2,0,0,1,1,78,6644610.0,0,0,1,0xd5fdd1bd0fc03cc7d2ca0d40b99f819581866ec1,0xd6bf186d4eb3640cfbd7834c857958b6632c632a75a92b9820e90040d71cf1e3,0.0206,2938,Base_Whale_Accumulator,0.85,0.0378,1.0
86,derekbrown,Derek Brown,derekbrown,0x605e05bf092ebd18e06d1b0f699df5b9dd85d452,unmasked,-74255236.9,base,0.0004,0.0004,0.0004,0.0004,0.0004,0.0004,0,"['bluechip_owner', 'kol', 'fomo']",-74255236.9,3.34,0.0,0.0,25.93,46.15,0.0,0.0,6.36,0.0,0.0,1383,2,0,818,565,2000,6188702.34,0,0,6,0x4b34f943181408eac424116af7b7790c94cba8b6,0x8882656f9a42583c0b70048f28802f70681de8c77f0c2edc718946c4351499f4,0.0179,6157,Base_Whale_Accumulator,0.85,0.0172,1.0
87,ottabag,OTTA ,ottabag,0xd4229d8166dbaa45689589d59fa968abc840b20f,unmasked,2619.92,base,0.1359,0.1359,0.1359,0.1359,0.1359,0.1359,0,"['kol', 'gmgn_go', 'gmgn']",2619.92,2950.86,0.0,0.0,34.52,28.95,0.0,0.0,69923.75,0.0,0.0,638,89,0,358,280,528,8994169.52,1,6,15,0x3304e22ddaa22bcdc5fca2269b418046ae7b566a,0x77ce07ab98b77d73c4f7a595cfc0a4b86cf1a5d0e74538fa5bcf6d2ba52bd5b9,0.7684,41124,Base_Whale_Accumulator,0.85,1.6273,1.0
88,qwikcrypto,Qwik,qwikcrypto,0x4e8c7f243fab07d2ff3761d1ca43414ac6f61d12,unmasked,-2167.72,base,0.0005,0.0005,0.0005,0.0005,0.0005,0.0005,0,"['gmgn', 'gmgn_go', 'smart_degen']",-2167.72,861.4,0.0,0.0,31.88,50.0,0.0,0.0,3977.25,0.0,0.0,385,28,0,170,215,188,5349927.77,1,0,12,0xf70da97812cb96acdf810712aa562db8dfa3dbef,0x9d6c1b2a74c49d6cdf0fa51ba86f94e425fd034bddc16fff9f69c38e46ff1914,2.4781,658,Base_Whale_Accumulator,0.85,0.0228,1.0
89,jxs1688,蒋先生原名山野村夫,jxs1688,0x2a080bd88e8c0c31ecc4966a056c0a88bac4422d,unmasked,0.0,base,0.0,0.0,0.0,0.0,0.0,0.0,0,['kol'],0.0,0.0,0.0,0.0,0.0,0.0,0.0,0.0,0.0,0.0,0.0,0,0,0,0,0,80,9457742.84,0,0,0,,,,364,Base_Whale_Accumulator,0.85,0.0,1.0
90,rynm1x,rynm,rynm1x,0x72bb99200a89e608658a9032aad5aef6a41dd46f,unmasked,3376.0,base,1.3462,1.3462,1.3462,1.3462,1.3462,1.3462,6,"['kol', 'gmgn_go', 'gmgn']",3376.0,3376.0,0.0,0.0,75.0,75.0,0.0,0.0,7798.53,0.0,0.0,22,22,0,4,18,68,6062853.64,0,0,0,0x727dc47fabbcafbccd415d1d353e81eb81dbeb1f,0x0236939e18296ab18a83ab8b6c9233c1322ff92a6d4e38465684b9d5c0627391,1.9852,25919,Multichain_Syndicate,0.85,1.7918,1.0
91,0xAA_Science,0xAA,0xAA_Science,0x8d5624fa29526c879a1ca7560961e4c5a08089ae,unmasked,-978.61,base,3.2272,3.2272,3.2272,3.2272,3.2272,3.2272,6,['kol'],-978.61,2268.13,0.0,0.0,31.82,40.0,0.0,0.0,13278.88,0.0,0.0,89,11,0,41,48,399,12047991.3,0,0,8,0x7b32994191db8def2cb5c2a4ee0e3af636a15932,0x65c73ad19f551143c5ba8b86462c9b8797678586de2241458b0d839dfb80a982,0.06,181973,Multichain_Syndicate,0.85,1.7918,1.0
92,fengsuns,feng BNB,fengsuns,0xadf86e5f9216febddee08cc9dcf6574aa0b63506,unmasked,0.0,base,0.0002,0.0002,0.0002,0.0002,0.0002,0.0002,0,"['kol', 'gmgn_go']",0.0,0.0,0.0,0.0,0.0,0.0,0.0,0.0,0.0,0.0,0.0,0,0,0,0,0,86,9130588.4,0,0,0,0x7345c57b7c1f31ac4ac02c265735f0a5e02885a8,0xc95199b7c0b7eff5587edd4bd5dfa856facda1c21b04cb1d14973024e42add8e,0.102,2006,Base_Whale_Accumulator,0.85,0.0102,1.0
93,ohzarke,ozark,ohzarke,0x07cdaf0140c60a0c34681065abf49bb8d85b8cbe,unmasked,301849.2,base,0.6977,0.6977,0.6977,0.6977,0.6977,0.6977,0,"['kol', 'fomo', 'gmgn_go', 'gmgn', 'smart_degen']",301849.2,628.74,0.0,0.0,43.82,20.0,0.0,0.0,22424.53,966.68,728.59,4492,49,5,2572,1920,2000,2361532.7,1,1,1,0x331cc2e56c657126f7a986419040838cf446eb93,0x897394d407c9da1a20658074289caaa1316a1adb3d64cc6afbf60aa01aa9add7,0.55,21889,Base_Whale_Accumulator,0.85,1.7918,1.0
94,xuxubaobao0819,旭旭宝宝,xuxubaobao0819,0x9cd581ff7804f5f3caf35f55d3cf73fbf42f0072,unmasked,14.46,base,0.0005,0.0005,0.0005,0.0005,0.0005,0.0005,0,"['kol', 'gmgn', 'gmgn_go']",14.46,14.46,0.0,0.0,100.0,100.0,0.0,0.0,565.26,0.0,0.0,3,3,0,1,2,1,122.0,0,0,0,,,,6688,Base_DEX_Scalper,0.85,0.023,1.0
95,shenshou888,神手｜Divine hand,shenshou888,0x77e5efcf4d14f6136242dc2f5618d1854761deef,unmasked,185.83,base,0.0006,0.0006,0.0006,0.0006,0.0006,0.0006,0,"['kol', 'gmgn_go', 'gmgn']",185.83,185.83,0.0,0.0,75.0,75.0,0.0,0.0,7563.53,0.0,0.0,16,16,0,10,6,82,9021988.22,0,0,0,,,,17256,Base_Whale_Accumulator,0.85,0.0256,1.0
96,HeyNat,Nat,HeyNat,0xb0bf6f6fd3c8bd194d94d39a41fcb99fdffb5273,unmasked,-681.91,base,0.0115,0.0115,0.0115,0.0115,0.0115,0.0115,0,['kol'],-681.91,1.3,0.0,0.0,2.7,0.0,0.0,0.0,28.86,0.0,0.0,71,1,0,24,47,552,17307866.7,0,0,1,0x3304e22ddaa22bcdc5fca2269b418046ae7b566a,0xed6505d3bf9b317d8140519c728a649f4c2a6cd0503cdba1ed5441e436b76443,0.0947,20792,Base_Whale_Accumulator,0.85,0.3088,1.0
97,0x21a50e77,BASE_Trader_97,,0x21a50e77f350dccf33d08d2011501c64ad161028,unmasked,26192.05,base,0.6044,0.6044,0.6044,0.6044,0.6044,0.6044,0,['snipe_bot'],26192.05,424.58,0.0,0.0,43.81,50.0,0.0,0.0,1385.26,0.0,0.0,693,7,0,276,417,520,10514871.55,3,6,10,0x1e339d4431d54dba4c8eeeca5f5002068638b9d1,0x9f911694221f1c8b4058efea0c0254303b010585fa36781ee429f58aedeffbe2,1.528,32,Base_Whale_Accumulator,0.85,1.7918,1.0
98,Dodseven77,Dod,Dodseven77,0x49b3e70dfc8b18654f5335532c17406794ac5ddd,unmasked,40726.36,base,0.0,0.0,0.0,0.0,0.0,0.0,0,"['kol', 'gmgn', 'gmgn_go']",40726.36,83.6,0.0,0.0,35.06,40.0,0.0,0.0,401.61,0.0,0.0,6723,2,0,3049,3674,2000,1196821.46,0,1,8,0x48634fc4cf1804612aeb2a804f33fe4b2bb73985,0xdb51b270d92e038cbfdc05784d2445611354b7e71ebf62367964ffd0d4a89f8c,0.1831,2723,Base_Whale_Accumulator,0.85,0.0012,1.0
99,0xrahaa,PasaCrypto,0xrahaa,0x092f8963e749910e23c2fc71d887538fcef9ca19,unmasked,-184.0,base,0.0044,0.0044,0.0044,0.0044,0.0044,0.0044,0,"['kol', 'fomo']",-184.0,149.87,0.0,0.0,21.05,25.0,0.0,0.0,7541.38,0.0,0.0,121,45,0,62,59,401,6002064.65,0,0,1,,,,13258,Base_Whale_Accumulator,0.85,0.1422,1.0
100,kristophgalland,Kristoph Galland ,kristophgalland,0xb3397a6feedff2b9fce9ca1086cb1bdd617c16bf,unmasked,67528.18,base,0.0004,0.0004,0.0004,0.0004,0.0004,0.0004,0,"['kol', 'fomo']",67528.18,547.06,0.0,0.0,29.94,36.67,42.86,25.0,26594.05,0.0,0.0,1009,291,0,537,472,1262,8650827.62,6,4,24,0x1734bddad0dd45974ae8d75e6babfeaadb353a02,0x8352ec2b2c85566f47b5dd06425590f7c605ade867a54e25bbb812d69c0dc68a,0.0189,17432,Base_Whale_Accumulator,0.85,0.0174,1.0
1,DeeZe,DeeZe ‍,DeeZe,0xf5d4a3b9fb77d1d5600a10e0e1c4efd12f9be751,unmasked,495003.43,robinhood,0.0419,0.0419,0.0419,0.0419,0.0419,0.0419,0,['kol'],495003.43,495641.83,495540.86,0.0,33.33,50.0,50.0,0.0,15678.53,8910.79,0.0,22,7,6,6,16,22,1795239.42,0,0,0,,,,275132,Robinhood_Whale_Accumulator,0.85,0.7972,1.5
2,notfrydoteth,fry,notfrydoteth,0x311ef08626709a0de3aa84d396437773340e022d,unmasked,113311.72,robinhood,0.0123,0.0123,0.0123,0.0123,0.0123,0.0123,0,"['kol', 'fomo']",113311.72,113311.72,113546.18,0.0,50.0,50.0,50.0,0.0,5826.89,1882.24,0.0,7,7,4,3,4,11,600500.45,0,1,0,0xde94c4e276f47f9c310572d3b3fd9bccbc42c0ec,0xeeadbf622a8dc93bfc8f66a7259f40a99f409fcfa455b213f18d0921f03886db,0.079,15178,Robinhood_Whale_Accumulator,0.85,0.3254,1.5
3,Giann2K,Giann,Giann2K,0x4b10707123c79f6e99be486dcd95d60323988d76,unmasked,152548.46,robinhood,2.6977,2.6977,2.6977,2.6977,2.6977,2.6977,6,"['kol', 'gmgn', 'fomo', 'smart_degen', 'gmgn_go']",152548.46,61593.11,54964.14,0.0,51.6,53.45,100.0,0.0,84710.95,0.0,0.0,1557,263,0,579,978,1132,2814831.64,4,13,16,0x8a38e182f97acd9aa1abe57c77b24160c09aff3e,0xc04ae9379e26d9a00262fa72463dfb51c513b9aeec7dcd00501bf0ea119a71f3,4.6721,5052,Multichain_Syndicate,0.85,1.7918,1.0
4,OGDfarmer,DFarmer,OGDfarmer,0xd611a3350321558bda7d15da88e4b74eaf4c8986,unmasked,121715.89,robinhood,0.0787,0.0787,0.0787,0.0787,0.0787,0.0787,0,['kol'],121715.89,123711.69,13762.0,0.0,50.0,66.67,50.0,0.0,242023.7,0.0,0.0,188,143,0,77,111,192,4804963.12,2,0,0,,,,129235,Robinhood_Whale_Accumulator,0.85,1.2005,1.0
5,Beautrj,Beaut,Beautrj,0x05c17ffad91bbd8e07bb896c15b792e073686183,unmasked,183362.74,robinhood,12.0085,12.0085,12.0085,12.0085,12.0085,12.0085,6,"['smart_degen', 'kol', 'gmgn']",183362.74,105258.76,6608.06,454.98,50.99,56.52,58.82,50.0,549850.45,27581.15,1344.25,3362,1768,131,1291,2071,1683,853858.19,8,43,41,0xc4da46c0db51f63fafaa062e1125691e050bf04f,0x87474a59a5b3d2464caab399736ab7568db0b4409f8d21806a4b7c77cdeaddb1,1.8,1337,Multichain_Syndicate,0.85,1.7918,1.0
6,panzonhl,panz.hl,panzonhl,0xf907877022b1e61232aca00661d6fb629b356d4c,unmasked,112121.82,robinhood,0.5964,0.5964,0.5964,0.5964,0.5964,0.5964,0,"['gmgn_go', 'smart_degen', 'launchpad_smart', 'kol', 'gmgn']",112121.82,38021.37,6021.13,0.0,59.6,60.29,58.97,0.0,362512.92,24357.26,0.0,18002,2292,150,12021,5981,2000,623837.64,3,23,32,0xc914222bf6afa981c8b580717495a75ffe0a0a27,0xb5ce7bee6204468683cb39750a641af80cae9f7b621a057bb8553e8515c30265,0.003,2509,Robinhood_Whale_Accumulator,0.25,1.7918,1.0
7,0xff335b2c,ROBINHOOD_Trader_7,,0xff335b2c27f66910e67808382de6a1fd2389321d,unmasked,42730.3,robinhood,0.0024,0.0024,0.0024,0.0024,0.0024,0.0024,0,"['launchpad_smart', 'gmgn_go', 'gmgn']",42730.3,33770.19,5843.69,-151.46,14.37,13.42,32.0,44.44,146566.73,41744.42,555.45,6295,1140,137,3039,3256,2000,219210.51,10,26,214,0xc4f107089a02e5b3e52b99f73d19edb99e68dcc9,0xa68460bf50f85a4d74680ff0540e159b5a84b5c53adf3a2575e3524292b69c41,0.012,93,Robinhood_Whale_Accumulator,0.25,0.0878,1.0
8,CryptoCharming,CryptoCharming ,CryptoCharming,0xcc291dcd83bd9f2600cca4d65ae3b724eaf4f5a9,unmasked,17246.94,robinhood,4.843,4.843,4.843,4.843,4.843,4.843,6,"['gmgn_go', 'kol', 'gmgn']",17246.94,17246.94,5321.15,0.0,88.24,88.24,66.67,0.0,60060.84,21752.96,0.0,84,84,18,39,45,183,1260853.21,0,1,0,0x071745958a713db5196d1c037154542a268dd2a4,0xbc6a2424ac30e389a67fb47df6563e91d8def689052e4c36ecbd4ec46b4fabad,5.0,21407,Multichain_Syndicate,0.85,1.7918,2.0
9,0xfd410253,ROBINHOOD_Trader_9,,0xfd4102531f9a20101a9f7e42c76c253362c710c8,unmasked,234995.78,robinhood,3.4273,3.4273,3.4273,3.4273,3.4273,3.4273,6,"['launchpad_smart', 'gmgn', 'smart_degen']",234995.78,98709.3,4358.52,4252.07,47.04,44.68,42.86,66.67,611050.53,18855.09,11748.11,8276,4087,31,1611,6665,1215,461604.8,5,25,21,0x16be6df85eabee837e99be87ec83fb02fed07c23,0x896c9f546bab65336240da9218e25feb3dbc4fb5cbc1b7de90dae6df3ba61931,0.5814,375,Multichain_Syndicate,0.85,1.7918,3.0
10,poopshakes,poopshakes.eth,poopshakes,0x996a8f421435cf1f4e20f593facc87b18f1b95bd,unmasked,7784.5,robinhood,3.9473,3.9473,3.9473,3.9473,3.9473,3.9473,6,"['kol', 'fomo']",7784.5,8618.6,2983.24,338.57,23.08,50.0,100.0,100.0,15254.62,4289.14,483.58,79,30,4,25,54,140,3467926.07,1,1,6,,,,249,Multichain_Syndicate,0.85,1.7918,1.0
11,0x6e5823a9,ROBINHOOD_Trader_11,,0x6e5823a9f398549158ad3769b99f1fcb541038b4,unmasked,328231.92,robinhood,4.9112,4.9112,4.9112,4.9112,4.9112,4.9112,6,"['launchpad_smart', 'gmgn']",328231.92,141728.47,2659.27,0.0,72.49,76.0,75.0,0.0,876806.36,14146.1,0.0,5431,2373,33,1523,3908,895,1856009.44,3,38,6,0xd301b0e21acb392c488c4604a05fd3a97da63441,0x9a5aaa7f960ca89debb78609a2018965ed0b76107aa285baafca368735c7c773,0.3481,598,Multichain_Syndicate,0.85,1.7918,1.0
12,Cady_btc,表弟想自由,Cady_btc,0x7db1a182cddee6ea0483aead72efe945e11cc873,unmasked,12212.49,robinhood,0.3454,0.3454,0.3454,0.3454,0.3454,0.3454,0,"['kol', 'smart_degen', 'gmgn_go', 'fomo', 'gmgn', 'launchpad_smart']",12212.49,5141.65,2138.34,155.7,41.43,50.23,41.67,60.0,55022.33,7869.39,1311.56,2347,476,57,1086,1261,1480,1341614.68,3,8,8,0x1d6993454c357fbd0ef724461dbcfcf928961ae7,0x4f01736add0ab709ebef3278110bcc6904d938404e9e04bd779705b0eb6fc086,0.1,6087,Robinhood_Whale_Accumulator,0.25,1.7918,1.0
13,MageArez,Arez,MageArez,0xecb7208b4eba833001e0766f036fe5e8e7657039,unmasked,50277.74,robinhood,1.1263,1.1263,1.1263,1.1263,1.1263,1.1263,6,"['kol', 'gmgn', 'fomo']",50277.74,17321.71,1507.91,-37.5,41.11,38.36,40.0,25.0,340766.28,38407.01,2203.12,6058,1972,309,4237,1821,1637,1616673.4,1,3,93,0xf20095f5216273d822b1c32ae3767791a92fecc6,0x647a598e757e2cf7ba16cc2288f964faa0c7c530f5b7af6cfb50f25f2ec8c77c,0.6463,18177,Multichain_Syndicate,0.25,1.7918,1.0
14,shenron__1,Shenron ,shenron__1,0xeeefff8ce2710fa490e0fcb794235e873c252d2e,unmasked,304152.09,robinhood,3.8899,3.8899,3.8899,3.8899,3.8899,3.8899,6,"['kol', 'launchpad_smart', 'gmgn_go', 'gmgn']",304152.09,33430.94,1358.57,-191.94,40.02,37.92,22.58,0.0,784312.54,32380.14,926.0,13097,1966,116,5859,7238,2000,167903.39,5,19,19,0x4518dd705579bb43d2629d2425b0551180fccefb,0xab4f9b3da5a9419ab9ced420114aedae5d7edc1a4c00a24e9f22ae7c410fc9d1,0.6567,2247,Multichain_Syndicate,0.85,1.7918,3.0
15,Lkun_web3,Lkun,Lkun_web3,0x66666b6f617e5e89e0eaf2859f1020db2c08aabb,unmasked,5680.15,robinhood,0.0005,0.0005,0.0005,0.0005,0.0005,0.0005,0,"['smart_degen', 'gmgn_go', 'gmgn']",5680.15,833.16,1000.2,0.0,40.28,34.78,100.0,0.0,29111.36,2546.33,0.0,1899,151,5,786,1113,572,1506455.83,2,2,55,0x181d5f9188d40e0b95a8b939a40b7ca44e8f0001,0x2f6e51570f89d7f355a22a60ae2e0409413655578087f178335b948dd5e5dd0e,0.067,171,Robinhood_Whale_Accumulator,0.85,0.0234,2.0
16,ashtoshii,Ashtoshii,ashtoshii,0x76ea831e2a1e4116406509f3c1f403b7bf935849,unmasked,8375.9,robinhood,7.5397,7.5397,7.5397,7.5397,7.5397,7.5397,6,"['kol', 'gmgn_go', 'gmgn']",8375.9,11649.13,884.0,0.0,34.65,33.97,66.67,0.0,160174.44,4720.48,0.0,1088,479,9,547,541,602,1042071.65,1,7,73,0x2eabeeeb91d3158891f279a194eba8ac2afc0b68,0x0e3837a7ff9f19d0c6187e483506f7d99b5d212c469fd357a266df80bf8cd551,1.5,33853,Multichain_Syndicate,0.25,1.7918,1.0
17,mr_petisui,petipnl,mr_petisui,0x60ae9123642f9387e4c6d4ef07ebe086bcfb0aa5,unmasked,-15945074.68,robinhood,0.5775,0.5775,0.5775,0.5775,0.5775,0.5775,0,"['launchpad_smart', 'gmgn']",-15945074.68,12117.6,739.77,-12.23,34.21,32.15,32.5,0.0,401333.84,17028.81,545.72,20107,4363,190,7324,12783,2000,136266.97,0,3,5,0x370c01a1c2a11f1df56efd25570442233a12a094,0x3e5b06511f28eb56cb11dc2f0f8a3aba805bac3e8641f0653ef474d833d68b53,0.1544,292,Robinhood_Whale_Accumulator,0.85,1.7918,1.0
18,sweet919268,甜饼sweet,sweet919268,0xc58686fedf9504576fc06199ebca62cee00750b3,unmasked,1096.01,robinhood,0.2064,0.2064,0.2064,0.2064,0.2064,0.2064,0,['kol'],1096.01,997.04,716.64,0.0,75.0,66.67,100.0,0.0,2932.02,1435.54,0.0,48,41,25,24,24,55,2443490.25,0,0,1,0x6e2092a47d7914df347e134fe24c6f8735999999,0xf3e4ec7714d477dfc8c97d97ab233aaeb3bc04f7198298c696f9384a4758d8ad,0.001,26711,Robinhood_Whale_Accumulator,0.85,1.7918,1.5
19,0x491822b9,ROBINHOOD_Trader_19,,0x491822b9c505fd30c569c7b8aff0a9c1788e24c5,unmasked,86303.89,robinhood,1.218,1.218,1.218,1.218,1.218,1.218,6,"['gmgn', 'launchpad_smart']",86303.89,19884.65,668.2,-69.53,51.89,53.09,40.0,0.0,171444.84,5149.79,580.23,3071,796,18,1000,2071,741,401030.39,0,2,25,0x4a07407b4447930da8b9461d9324b48c05933868,0x45b57bf34f1c75c171f5afcea27b0d5ba8a497445b3c54da69e71afe292efd37,0.0563,96,Multichain_Syndicate,0.85,1.7918,1.0
20,LuxkyVN,Lxcky,LuxkyVN,0x6afb06fc5a0dae2a86b96088338236d02f999999,unmasked,3272.09,robinhood,0.0,0.0,0.0,0.0,0.0,0.0,0,"['kol', 'wash_trader', 'gmgn_go', 'gmgn']",3272.09,4069.36,666.72,0.0,26.44,14.29,25.0,50.0,154490.88,3512.5,0.0,894,153,11,675,219,208,2285450.15,0,2,3,0x819a6d42e5c02d8449a938cce0a60eecab71fc44,0x1ed82614a4d09b87710d3ae31bba61d6ea9a4be16757aff710b735bc37bf68c9,0.138,15581,Robinhood_Whale_Accumulator,0.85,0.0,1.0
21,collet9094,,collet9094,0xcc5ecdfc4f4b81e3363e6417031a4e3e3186a2f5,unmasked,21970.31,robinhood,4.7639,4.7639,4.7639,4.7639,4.7639,4.7639,6,"['kol', 'smart_degen', 'wash_trader', 'launchpad_smart', 'gmgn']",21970.31,14620.82,648.46,0.0,51.7,62.16,50.0,0.0,71459.89,11195.31,0.0,1147,233,14,348,799,652,3510290.28,1,5,11,0x5a5704556a04f7d41f09155048d0acb46a26149f,0xa46ff55e8928a848337b6a582b5bd8d82b4ceea415d96faec03ad45f3541a3e3,0.3811,43829,Multichain_Syndicate,0.85,1.7918,1.0
22,NeoCallss,NΞO,NeoCallss,0xe28601398a5448d1147e6e8b0e0c6d686f0d216d,unmasked,227728.74,robinhood,3.0087,3.0087,3.0087,3.0087,3.0087,3.0087,6,"['kol', 'smart_degen', 'gmgn_go', 'fomo', 'gmgn']",227728.74,42420.25,644.44,128.18,54.63,53.12,55.56,75.0,608004.35,10002.02,919.03,13046,2599,67,7106,5940,2000,1512701.29,8,29,55,0xd401bfeca15420cff401dd5113707b6416491d3c,0x81842511799acbaba0513dca77c17f5dfc557eb4de6ac012ddf70e01c0ffbbea,1.1032,28825,Multichain_Syndicate,0.25,1.7918,1.0
23,CoCoCookerr,CoCo,CoCoCookerr,0x5250dbcf6ac11c4c2cbd8dcaf5a6d019f3268ea8,unmasked,41003.31,robinhood,4.514,4.514,4.514,4.514,4.514,4.514,6,"['kol', 'gmgn_go', 'fomo', 'gmgn']",41003.31,554.87,602.38,0.0,34.61,30.18,100.0,0.0,431131.68,3333.94,0.0,4194,737,7,2174,2020,2000,2052792.36,7,7,51,0xaa56a424612749675846c6ead0fa55d3c1838e8f,0xc3b39a1246c5aa6441dc4fb5fe78270362765c2f2c98d97c6ef688ebff56db28,0.01,8086,Multichain_Syndicate,0.25,1.7918,1.0
24,HunterOnlyETH,金狗挖掘机 | 0xDavid,HunterOnlyETH,0x7a2363a401b2340c7941dd2eeff0196a5078d2e6,unmasked,338930.56,robinhood,1.2076,1.2076,1.2076,1.2076,1.2076,1.2076,6,"['kol', 'fomo', 'gmgn_go', 'gmgn', 'smart_degen']",338930.56,48440.36,560.04,0.0,61.36,60.8,57.14,0.0,308321.0,4371.15,0.0,12101,887,13,6362,5739,2000,1246928.89,9,41,56,0xf9bdcbf9be898a3e7b4e456067c77a2b9730e41c,0x36d742b30d549df414e25cdb3484a0c008376e4589b79d91b5192d21b15b3589,0.9442,32899,Multichain_Syndicate,0.25,1.7918,1.0
25,0xossalivan,professor,0xossalivan,0xf38ce55fe4e517e77e1056a54e64f22d43d88c3a,unmasked,74306.34,robinhood,15.2946,15.2946,15.2946,15.2946,15.2946,15.2946,6,"['kol', 'gmgn_go', 'gmgn']",74306.34,8071.68,548.51,-51.52,31.69,38.04,32.35,0.0,531487.67,23727.73,215.0,16019,2913,336,7853,8166,2000,146393.97,5,16,57,0xeeefff8ce2710fa490e0fcb794235e873c252d2e,0x077a7d2ce1f6cd871bef4809539d9d61cf096c1798b92675f4183ee37483f688,0.043,108,Multichain_Syndicate,0.25,1.7918,1.5
26,alkuap,alkuuu | AP,alkuap,0x1df3160f73fd6c1bec394c51fc20b7b2a91d6330,unmasked,17752.84,robinhood,0.348,0.348,0.348,0.348,0.348,0.348,0,"['kol', 'fomo', 'gmgn_go', 'smart_degen', 'gmgn']",17752.84,1286.13,439.45,0.0,43.44,34.83,32.35,50.0,119119.29,18647.2,0.0,5558,535,84,2738,2820,2000,1237895.08,2,9,36,0xf961a9fbff8f1d9aebcf99035b9c32a219ad7fce,0xd4950244527911f7542c112ff7be3d80a67f26a47d76d18ac1383977817805c4,0.7824,2823,Robinhood_Whale_Accumulator,0.85,1.7918,1.0
27,Hankusun,Hank ,Hankusun,0x5bce90b1eae5af116780b216e5f798b2d4ce08ef,unmasked,-3772.71,robinhood,0.3531,0.3531,0.3531,0.3531,0.3531,0.3531,0,"['kol', 'gmgn', 'gmgn_go']",-3772.71,164.44,367.46,0.0,5.26,33.33,100.0,0.0,1644.46,1454.49,0.0,80,5,2,59,21,33,1796419.91,0,0,11,0x2fe3c1cc641b2463cee2857ac520e111fbe11fdf,0xcfedd5921566eb7a170f09b6fc34864e54e890c130671479ed10250133e12d40,0.3,80374,Robinhood_Whale_Accumulator,0.25,1.7918,1.0
28,0x7649a32e,ROBINHOOD_Trader_28,,0x7649a32e792d2b59d3d616fef17700ec70e27d1a,unmasked,51167.54,robinhood,22.1352,22.1352,22.1352,22.1352,22.1352,22.1352,6,"['smart_degen', 'gmgn_go', 'fomo', 'gmgn']",51167.54,10548.41,346.64,0.0,53.29,58.33,75.0,0.0,151433.84,2919.7,0.0,1763,522,12,642,1121,1830,1728617.69,2,11,42,0x3807771db053dae9ead980692b6ef85c9c10f0bd,0x487be5b9e0a78f51f8dae6a7c336db851e4b71bcc0c8ba6c86ca7023fe84fda8,0.0428,1057,Multichain_Syndicate,0.25,1.7918,1.0
29,0xmarcheria,stwn.,0xmarcheria,0x0ec2c400b9db045bab16996cd25d64a05be48752,unmasked,67834.17,robinhood,2.1071,2.1071,2.1071,2.1071,2.1071,2.1071,6,"['smart_degen', 'gmgn_go', 'gmgn']",67834.17,2302.22,340.78,288.29,54.03,60.87,80.0,100.0,16296.08,3052.09,756.13,2841,69,18,1139,1702,1307,2058999.21,10,14,39,0x786a0c878875c1b83362c707f56b5c40f93bbf63,0xbd086a8708b62360ece5cfd39f2fc05f724662e3c03f8064af50e2ee9ce1d679,0.0288,28,Multichain_Syndicate,0.25,1.7918,1.25
30,rob02643673_rob,枯坐p小将,rob02643673_rob,0x2ce9d43d1cba6ae31d7f07bfe0098dfa2d833373,unmasked,79780.55,robinhood,22.6833,22.6833,22.6833,22.6833,22.6833,22.6833,6,"['kol', 'fomo', 'gmgn_go', 'gmgn']",79780.55,20989.39,330.5,0.0,58.72,55.37,33.33,0.0,151871.72,2709.13,0.0,3091,425,7,1335,1756,1862,2425265.41,10,47,59,0x8a299dd2cd1c46c3776f23e5aa2be32512c6f2da,0x59fcfd81c9ebffa711543f3b64e1f75e8238519f33a284cd9288a3ffdaf30cf0,0.0033,15813,Multichain_Syndicate,0.25,1.7918,1.0
31,0x1c22ad9c,ROBINHOOD_Trader_31,,0x1c22ad9c05b7c2b805bffbd93c78178dc69a9444,unmasked,11791.4,robinhood,4.4821,4.4821,4.4821,4.4821,4.4821,4.4821,6,"['smart_degen', 'launchpad_smart']",11791.4,28.75,315.0,108.16,52.6,50.0,100.0,100.0,15375.27,1474.52,531.36,929,48,8,371,558,303,1314192.85,0,1,9,0x4ef8f9034d649ce1ce4aac329d43e86997ffe08d,0xa8e225242c70566e7bc72dc96c5a5e8038fd8b8e2b84e5b32e3d79f381d03fa4,0.0112,114,Multichain_Syndicate,0.85,1.7918,1.0
32,0xf672ce59,ROBINHOOD_Trader_32,,0xf672ce59fafd2a173d275abc626087b1eae874a2,unmasked,51843.53,robinhood,1.2381,1.2381,1.2381,1.2381,1.2381,1.2381,6,"['smart_degen', 'fomo', 'gmgn']",51843.53,11245.3,313.62,0.0,61.68,64.42,77.78,0.0,67194.08,2717.36,0.0,3507,489,22,1810,1697,1800,1478914.22,15,32,20,,,,2678,Multichain_Syndicate,0.85,1.7918,1.0
33,kurtzxx,kurtz,kurtzxx,0xf78b066050e00fdb9b980e265aa9f317ef4b947c,unmasked,126959.79,robinhood,3.4576,3.4576,3.4576,3.4576,3.4576,3.4576,6,"['kol', 'fomo', 'gmgn_go', 'smart_degen', 'gmgn']",126959.79,76359.29,309.78,0.0,71.83,78.15,100.0,0.0,205112.87,1020.31,0.0,1255,515,6,447,808,1131,2603557.96,8,26,16,0x6812457d7c0e1a87111b7002e9a1942561e73bac,0x4cc7477d36881188080c4da4010bd10027053f6346a22fcc32cc8f9b676e392b,0.0111,127837,Multichain_Syndicate,0.85,1.7918,1.0
34,Saint_pablo123,Sebastian Orellana,Saint_pablo123,0x9631335762e3603d2a7507d84838aa3236d52745,unmasked,172106.51,robinhood,2.7123,2.7123,2.7123,2.7123,2.7123,2.7123,6,"['kol', 'gmgn_go', 'fomo', 'smart_degen', 'gmgn']",172106.51,1714.99,309.67,0.0,32.86,35.58,100.0,0.0,716388.31,12369.08,0.0,4848,1064,10,2669,2179,1640,1427898.45,6,18,98,0x3807771db053dae9ead980692b6ef85c9c10f0bd,0xe1baecfa3de5f2259060803f9dd13f96f716a35d2cb1d0f334f37ee8281d0ccc,0.5075,26837,Multichain_Syndicate,0.85,1.7918,1.0
35,0x9f191441,ROBINHOOD_Trader_35,,0x9f1914410af972a5c54e3707e64caae5c3b5b990,unmasked,8375.02,robinhood,0.4678,0.4678,0.4678,0.4678,0.4678,0.4678,0,"['launchpad_smart', 'smart_degen', 'gmgn']",8375.02,3156.62,258.95,0.0,42.71,43.29,62.5,0.0,42786.99,4568.6,0.0,1081,482,19,521,560,483,378766.42,0,3,8,,,,118,Robinhood_Whale_Accumulator,0.85,1.7918,1.0
36,toptickcrypto,τop τick crypτo,toptickcrypto,0x2fcc020f72e5d2edd2a24d04f3dc90d7fdfbd1dd,unmasked,4772.51,robinhood,0.0053,0.0053,0.0053,0.0053,0.0053,0.0053,0,['kol'],4772.51,4649.48,254.11,0.0,31.11,37.04,33.33,0.0,81718.19,1331.27,0.0,229,132,4,109,120,126,998424.9,1,2,17,,,,18683,Robinhood_Whale_Accumulator,0.85,0.1668,1.0
37,0x49f91579,ROBINHOOD_Trader_37,,0x49f91579477f2e55a28560e1cb5ea07a921bc616,unmasked,77813.44,robinhood,3.7235,3.7235,3.7235,3.7235,3.7235,3.7235,6,"['smart_degen', 'launchpad_smart', 'gmgn']",77813.44,19745.04,243.52,0.0,53.33,76.06,100.0,0.0,179189.83,1884.86,0.0,1668,454,6,819,849,379,378454.75,5,6,26,0xc5594cfc7591e47dade06d322e67b6091a0f31d3,0x8332676f4bd24076f3ac17457dcd4c9ac6eeb4fabcf654cd0ed6bd9532db145b,1.0,146,Multichain_Syndicate,0.85,1.7918,1.0
38,0x81d20b2c,ROBINHOOD_Trader_38,,0x81d20b2c34d37e406659a80008723b4ea815717d,unmasked,52204.7,robinhood,2.2101,2.2101,2.2101,2.2101,2.2101,2.2101,6,"['smart_degen', 'fomo', 'gmgn']",52204.7,12221.47,218.04,0.0,61.66,66.67,66.67,0.0,67488.26,2619.64,0.0,3563,488,22,1833,1730,1826,1434120.32,15,33,17,0x17bdb888904d785208c9d6404ceada0f15e10b5e,0x7c2a8da8e27e33450c437bc7ded400a82a1dea0727576b0cb651194154f3401c,4.1899,1900,Multichain_Syndicate,0.85,1.7918,1.0
39,0xb4e271c9,ROBINHOOD_Trader_39,,0xb4e271c9fd815d7d71e385f4f0ce59813cbf7d0f,unmasked,13466.37,robinhood,0.7131,0.7131,0.7131,0.7131,0.7131,0.7131,0,"['smart_degen', 'launchpad_smart', 'fomo', 'gmgn']",13466.37,852.31,165.57,0.0,41.86,41.18,54.55,0.0,49094.56,2583.38,0.0,6294,889,37,3026,3268,2000,476220.3,3,16,18,0x6a79ad5b3568e15eb2b04375577aa6b303f34e59,0x38029ef07c8f43ab7c3276fa2594d6d4f3ce12cacc8d69d7972c44084d57f929,0.0406,88,Robinhood_Whale_Accumulator,0.85,1.7918,1.0
40,beijingdou,Josh Ong,beijingdou,0xaf469c4a0914938e6149cf621c54fb4b1ec0c202,unmasked,346.98,robinhood,0.0031,0.0031,0.0031,0.0031,0.0031,0.0031,0,"['kol', 'fomo']",346.98,142.51,146.63,165.0,66.67,75.0,71.43,100.0,1665.83,514.39,160.61,32,20,10,20,12,105,3572129.82,0,0,1,,,,138060,Robinhood_Whale_Accumulator,0.85,0.1064,1.0
41,Megga,Megga,Megga,0x8670a54764108f7b215cc64eed143edccc8cdc90,unmasked,34714.17,robinhood,3.9903,3.9903,3.9903,3.9903,3.9903,3.9903,6,"['kol', 'fomo', 'gmgn']",34714.17,13159.77,138.12,0.0,38.6,33.17,100.0,0.0,300627.31,701.51,0.0,4452,1570,2,2453,1999,1707,1344322.81,4,16,91,0xc2023cbc6bea923e9079f6d6b5680c0513f4d7bb,0xded3cc95a5b810c26639bb3f15f7c51cfc347380b12cf1ed97f3aebcb590e05e,1.0,566467,Multichain_Syndicate,0.85,1.7918,1.0
42,0x5671931e,ROBINHOOD_Trader_42,,0x5671931edf52097bee96b8d791b3cb4d06510da4,unmasked,16861.14,robinhood,3.3754,3.3754,3.3754,3.3754,3.3754,3.3754,6,"['launchpad_smart', 'smart_degen', 'gmgn']",16861.14,10363.28,100.2,1.87,48.81,47.58,57.14,100.0,280563.27,7383.32,350.49,3414,1171,28,1663,1751,1352,247046.38,0,5,22,0x80d24da12109531cc3077339f162d2a3454068a7,0x656497e62a2ace46bb1756905e3829b0a84ee4d1581b95e9f6f20bb3b5cf55c9,0.0862,34,Multichain_Syndicate,0.85,1.7918,1.0
43,0x09937da7,ROBINHOOD_Trader_43,,0x09937da7cb8ea8f7779183605bde2b019b1352d4,unmasked,19623.31,robinhood,0.7207,0.7207,0.7207,0.7207,0.7207,0.7207,0,"['launchpad_smart', 'gmgn']",19623.31,3577.78,87.4,29.29,45.52,50.39,50.0,50.0,40834.85,3432.4,590.35,2319,282,21,1090,1229,947,129661.34,1,8,15,0x786a0c878875c1b83362c707f56b5c40f93bbf63,0xb9c4dea3bba9d3c430e1de7d0ddfdbc7195b93f9e7617d6b9c6fe34863667c71,0.2063,525,Robinhood_Whale_Accumulator,0.85,1.7918,1.0
44,s1mple_s1mple,^1s1mple,s1mple_s1mple,0x00241901735b6fd9a8c7e2a0448ee09d01cd767e,unmasked,456.16,robinhood,0.5331,0.5331,0.5331,0.5331,0.5331,0.5331,0,"['kol', 'fomo', 'gmgn']",456.16,456.16,72.91,0.0,30.43,30.43,33.33,0.0,19767.6,1910.97,0.0,67,67,8,31,36,135,1924126.14,0,0,1,0x6a48f36bca00f58447cfe897e55320131ea6ccaf,0xcc10919da576fc97923ff3372ca1254d221690ce151b99d9695bd2016c1caff0,0.0608,11282,Robinhood_Whale_Accumulator,0.85,1.7918,1.0
45,that_techieboy,Feezy(),that_techieboy,0xc19ec062da833a411959799b3e3c32abefcb0285,unmasked,68.69,robinhood,0.0001,0.0001,0.0001,0.0001,0.0001,0.0001,0,['kol'],68.69,68.69,68.69,68.69,100.0,100.0,100.0,100.0,151.02,151.02,121.86,8,8,8,3,5,21,144093.38,0,0,0,0x1b2882868b5939ac2f3e146634027cba8e65b7d1,0xb829099e6ae15fa39212710106333774fba710e5d44a5e44a8b76ad01c8f89e3,0.0026,6867,Robinhood_Whale_Accumulator,0.85,0.0045,1.0
46,TurtleTavernTV,Tavern,TurtleTavernTV,0x664d6645a04be9e27a8b33088f85025f29d45dc1,unmasked,48119.68,robinhood,25.7337,25.7337,25.7337,25.7337,25.7337,25.7337,6,"['kol', 'gmgn_go', 'gmgn', 'smart_degen']",48119.68,9100.78,55.54,0.0,55.27,55.26,60.0,0.0,66736.83,1676.23,0.0,2139,424,10,918,1221,1199,1897991.35,8,17,40,0x786a0c878875c1b83362c707f56b5c40f93bbf63,0xfee05ad269e3fbfcdb38428a424fda482bf8436dbec221fcacbec3670d61ecb8,0.8001,27956,Multichain_Syndicate,0.85,1.7918,1.0
47,0x09534d56,ROBINHOOD_Trader_47,,0x09534d56a013ef3c4f9de4e082869c109463b9e0,unmasked,19383.51,robinhood,0.1344,0.1344,0.1344,0.1344,0.1344,0.1344,0,"['launchpad_smart', 'gmgn']",19383.51,11303.64,49.37,-173.77,36.02,35.7,18.0,0.0,103775.4,9350.81,1447.46,3612,1669,166,1902,1710,962,220689.8,4,14,31,0x4fa5d9c02fdf834e57c8b6692329d5a772476426,0x6f17d9715314f98cb2ba00f46d0934f7a5570b55f799f5e5f82caf94c59931a4,0.406,18,Robinhood_Whale_Accumulator,0.85,1.6182,1.0
48,sasamaru330,ササ丸.base.eth | ETHGas ,sasamaru330,0xcfdd6cb5aea4c6da545efe9201bc8c3ae959aa79,unmasked,14.73,robinhood,0.1814,0.1814,0.1814,0.1814,0.1814,0.1814,0,['kol'],14.73,5.24,35.3,35.3,22.22,14.29,100.0,100.0,343.89,106.08,106.08,37,24,7,19,18,29,1644090.93,0,0,1,,,,7985,Robinhood_Whale_Accumulator,0.85,1.7918,1.0
49,technoviking46,tech,technoviking46,0x3d06315c94ac30b6061c91caf748fc2db04a89f4,unmasked,39973.91,robinhood,5.331,5.331,5.331,5.331,5.331,5.331,6,"['kol', 'fomo', 'gmgn_go', 'gmgn', 'smart_degen']",39973.91,15342.16,34.4,0.0,72.7,66.3,100.0,0.0,45662.96,163.81,0.0,918,251,1,384,534,1156,2552089.67,7,22,14,0x3807771db053dae9ead980692b6ef85c9c10f0bd,0x751914eb86948cc9b809d10716be8c56ea4a829e4e6f3cc2005a2a7139c63ba9,0.1474,70631,Multichain_Syndicate,0.85,1.7918,1.0
50,0x4ccc4a92,ROBINHOOD_Trader_50,,0x4ccc4a922efdaf2179f651523a6c0c598c1216b0,unmasked,38990.14,robinhood,0.4336,0.4336,0.4336,0.4336,0.4336,0.4336,0,"['launchpad_smart', 'gmgn']",38990.14,14645.59,32.64,0.0,54.95,51.38,33.33,0.0,189499.49,2372.55,0.0,2090,522,10,872,1218,388,165977.62,1,2,7,0x3807771db053dae9ead980692b6ef85c9c10f0bd,0xaed44b56970f704b3d6edf44ab3bd0de2c8019b11b4fe2dd64a67eaeae1d4617,0.1196,16,Robinhood_Whale_Accumulator,0.85,1.7918,1.0
51,hzjxhcyy,古月月,hzjxhcyy,0x877af245c61289b24f0c619a4346cdbc68f1aaac,unmasked,18191.75,robinhood,0.8465,0.8465,0.8465,0.8465,0.8465,0.8465,0,"['kol', 'gmgn_go', 'smart_degen', 'gmgn']",18191.75,3514.27,24.21,0.0,42.91,46.67,100.0,0.0,36738.03,675.78,0.0,4047,151,2,2281,1766,1541,2091567.8,1,5,23,0x01a42c14dc9eba73f0d3bb2756d3abeeee184694,0x396e86a7212ce1a566d4deb2773bf3187a02de641ef180130d7209f26e467cd0,0.1049,3112,Robinhood_Whale_Accumulator,0.85,1.7918,1.0
52,silenth0dler,silenth0dler,silenth0dler,0x1247620ae3681c4038efedb17d4517e889860ced,unmasked,25.94,robinhood,0.0199,0.0199,0.0199,0.0199,0.0199,0.0199,0,['kol'],25.94,21.9,21.9,20.13,100.0,100.0,100.0,100.0,0.0,0.0,0.0,5,0,0,4,1,31,2327741.84,0,0,0,0x40b060a0ac95db3d5211b687511632b46c5d3bb7,0x8b6967b101fc785911fa8e711ef52bd4f3689dbe4f22367b6adba125e22002f2,0.012,8924,Robinhood_Whale_Accumulator,0.85,0.4677,1.0
53,0xblackchip,black chip,0xblackchip,0xacd0cea3607626a6198bbb50718eb84ee7e5799d,unmasked,1343.51,robinhood,0.0832,0.0832,0.0832,0.0832,0.0832,0.0832,0,"['kol', 'gmgn_go', 'gmgn']",1343.51,19.65,19.65,0.0,75.0,100.0,100.0,0.0,91.49,91.49,0.0,7,1,1,3,4,240,5383862.82,0,0,0,0x8d948db4528b9b8c85db0a2e743401ef4a3f3e46,0x321a298a5bfd425ec286e9b0bacf848edb9ce81892ae46d8e6918287f07daa09,15.0,7489,Robinhood_Whale_Accumulator,0.85,1.2411,1.0
54,pheromones_sol,Phero.hl,pheromones_sol,0x4a30496554ef401e4b687189f7df6efe4b3e0249,unmasked,45636.92,robinhood,7.3689,7.3689,7.3689,7.3689,7.3689,7.3689,6,"['kol', 'gmgn_go', 'launchpad_smart', 'gmgn', 'smart_degen']",45636.92,4857.32,15.27,-274.96,47.8,41.59,46.03,20.0,180382.9,20035.0,788.59,13633,993,136,7470,6163,2000,213942.71,1,21,110,0xa7921c11d750866b81c331d13af6899507f9d7c1,0xc3a30ee4d03d69bc4b35cecdb58dcccccc31c187afef45b700b99036eace06d6,0.1749,12152,Multichain_Syndicate,0.85,1.7918,1.0
55,Brian_Degens,Degenerate Brian,Brian_Degens,0xe475cd3f0d0a77ec581bb6540abef60b0f3f0d57,unmasked,26553.53,robinhood,1.154,1.154,1.154,1.154,1.154,1.154,6,"['kol', 'gmgn_go', 'gmgn']",26553.53,8353.29,11.99,0.0,37.69,30.23,100.0,0.0,68732.65,861.85,0.0,808,288,2,405,403,669,2663970.29,6,6,15,0xe5278c12a26d3737c40d60801c070716342d4388,0x6f3bffc67e9ea5c39299a170e242a64997d5eff8ce8e591d0c8dc88171dec7a2,0.14,12663,Multichain_Syndicate,0.85,1.7918,1.0
56,JMchemax,Chemax.eth,JMchemax,0x07e1a6b52085b99fd955988c18f205130afb53ea,unmasked,9192.87,robinhood,0.0303,0.0303,0.0303,0.0303,0.0303,0.0303,0,"['fomo', 'gmgn_go', 'launchpad_smart', 'gmgn']",9192.87,3794.76,11.05,0.0,49.83,49.81,50.0,50.0,174158.22,2195.29,167.69,3450,1267,15,1444,2006,792,560103.52,0,0,4,0x1dd808cf51510fa4646f2a968c84577e606c74fa,0x2c7aa9d20074a54886143fa3c20747c5bbafb3e144fcfe020f44460138026ff6,0.0112,403,Robinhood_Whale_Accumulator,0.85,0.6352,1.0
57,jurbo_eth,jurbo,jurbo_eth,0x70ad955d5f34991e81dad7ce2bbe418f8d5edc07,unmasked,32.62,robinhood,0.0004,0.0004,0.0004,0.0004,0.0004,0.0004,0,"['kol', 'fomo']",32.62,43.83,10.86,0.0,16.0,25.0,100.0,100.0,1160.94,281.24,0.0,105,36,5,43,62,192,3954918.48,0,0,0,0x2fc617e933a52713247ce25730f6695920b3befe,0x141adb1c6931fb5a0440916cf45105ddf0578f416b05520e28a1daa5892e4a2f,0.0003,762,Robinhood_Whale_Accumulator,0.85,0.0191,1.0
58,paralog1,Hasan,paralog1,0x5c14c517991c2bd72c3495efed8c9aefdbd8b8e1,unmasked,1501.06,robinhood,0.787,0.787,0.787,0.787,0.787,0.787,0,['kol'],1501.06,120.91,8.69,0.0,37.5,33.33,100.0,0.0,2053.88,140.06,0.0,36,16,1,18,18,22,2292505.18,0,0,0,0xfbf64d561968adab7cba5b3cd7d0e60c8fc2805c,0x14d44eaf7b534b53622e5dfbe966c755e9ec47a117ae58f9c6f4a54a416b7b96,0.499,40660,Robinhood_Whale_Accumulator,0.85,1.7918,1.0
59,jusCarl0s,carl0s,jusCarl0s,0x3b3b9c3012759c7210e1b22e5d55912c8101cb40,unmasked,72499.19,robinhood,1.5025,1.5025,1.5025,1.5025,1.5025,1.5025,6,"['launchpad_smart', 'smart_degen', 'gmgn']",72499.19,56058.77,8.61,0.0,37.79,43.43,27.27,0.0,451725.85,1956.62,0.0,3358,1650,6,1150,2208,1639,629881.1,6,28,64,0xe465f5fe06e79bdc4e0add8546eca2368d1a0fd0,0x79e6189e495178b3d1f4b50e335f4ab5818eeed2b6ef179db762e209738a88fa,0.4693,240,Multichain_Syndicate,0.85,1.7918,1.0
60,waytoodrill,2,waytoodrill,0xcaecd42e2c19d0ebac5958bed8316107c7001224,unmasked,45580.75,robinhood,2.2279,2.2279,2.2279,2.2279,2.2279,2.2279,6,"['gmgn_go', 'launchpad_smart', 'gmgn']",45580.75,18431.51,8.46,8.46,46.19,55.81,100.0,100.0,67853.07,278.61,278.61,1331,307,2,597,734,486,352526.08,3,9,21,0x56ecefd0f89c6411f30b64c4dce155245c09f513,0xdde54a50f68e77b2b6562791adba95ba23aa31bda5304e23bc8cf4f907d1c0c9,0.6138,32,Multichain_Syndicate,0.85,1.7918,1.0
61,technoviking46,tech,technoviking46,0x683035da6b84ce48421534c1d3d160a8487cb9bb,unmasked,25549.68,robinhood,3.7356,3.7356,3.7356,3.7356,3.7356,3.7356,6,"['kol', 'gmgn_go', 'gmgn']",25549.68,7467.1,5.03,0.0,67.2,62.5,66.67,0.0,32020.86,133.85,0.0,844,209,1,369,475,874,2914647.7,7,17,12,0xca58434a600a9f05de810a3e0229435b07524de8,0x03c67aff46a6f1d767fa42cf8224b7c507b7df7c169cc48869fa82848b4edfc2,0.209,70631,Multichain_Syndicate,0.85,1.7918,1.0
62,Oxxyy13,Oxxyy,Oxxyy13,0x8d7bbfa0506ea95c73d864310818acc3e5fa05d9,unmasked,7026.26,robinhood,0.5603,0.5603,0.5603,0.5603,0.5603,0.5603,0,"['kol', 'fomo']",7026.26,284.33,3.27,0.0,24.52,43.9,30.0,0.0,7135.81,177.56,0.0,713,82,1,233,480,842,4276167.47,1,7,72,0x946d4d60c864921bafeea88a183a0c62929dc09c,0x235ff47a178b02a557eaf91456df1c1df1aca3ed24e0b7ced8b6cbce60dd53e3,0.1712,6373,Robinhood_Whale_Accumulator,0.85,1.7918,1.0
63,stinkypoofart_,passion,stinkypoofart_,0xe465f5fe06e79bdc4e0add8546eca2368d1a0fd0,unmasked,95201.47,robinhood,1.3539,1.3539,1.3539,1.3539,1.3539,1.3539,6,"['gmgn_go', 'launchpad_smart', 'smart_degen', 'gmgn']",95201.47,57212.76,0.43,0.0,46.17,44.99,33.33,0.0,473246.72,1706.33,0.0,3366,1657,6,1160,2206,1662,639471.43,9,24,55,0xb1a8fc0083391a76cfa48b9ec1c7422aa5f71c1c,0xf8994a52bdc68deea40c0d880aa1811236b3b083dce6071ae78a45a37e0074f6,0.3342,62,Multichain_Syndicate,0.85,1.7918,1.0
64,naohu_labs,脑虎 首领,naohu_labs,0x8c041fc873c77eb8b7c1e3a3e622cbdec68ae376,unmasked,0.0,robinhood,0.0,0.0,0.0,0.0,0.0,0.0,0,['kol'],0.0,0.0,0.0,0.0,0.0,0.0,0.0,0.0,0.0,0.0,0.0,0,0,0,0,0,0,0.0,0,0,0,,,,5265,Robinhood_DEX_Scalper,0.85,0.0,1.0
65,sweetman_eth,sweetman,sweetman_eth,0xcfbf34d385ea2d5eb947063b67ea226dcda3dc38,unmasked,0.0,robinhood,0.0,0.0,0.0,0.0,0.0,0.0,0,['kol'],0.0,0.0,0.0,0.0,0.0,0.0,0.0,0.0,0.0,0.0,0.0,0,0,0,0,0,1,533772.0,0,0,0,,,,7489,Robinhood_Whale_Accumulator,0.85,0.0,1.0
66,0x6eb1d5f5,ROBINHOOD_Trader_66,,0x6eb1d5f54b793960b266ae2cbd79885d55e3b857,unmasked,8169.0,robinhood,0.0039,0.0039,0.0039,0.0039,0.0039,0.0039,0,"['launchpad_smart', 'gmgn']",8169.0,1525.68,0.0,0.0,42.45,51.22,0.0,0.0,9895.72,0.0,0.0,393,110,0,188,205,210,870162.0,2,5,11,0x88d25c861938a91af4ad57ad964a8fcc6c6351d3,0xa6f1aeb6a4b3da0b56dacf2c02f4743b1a89faeea8be18a3dd601f591f662135,0.084,1773,Robinhood_Whale_Accumulator,0.85,0.1294,1.0
67,0x67ee81e9,ROBINHOOD_Trader_67,,0x67ee81e92a6e677533b0335fb9be21873d8aca78,unmasked,37710.81,robinhood,0.0018,0.0018,0.0018,0.0018,0.0018,0.0018,0,"['fomo', 'gmgn_go', 'launchpad_smart', 'gmgn']",37710.81,11140.72,0.0,0.0,68.14,63.16,0.0,0.0,93968.23,0.0,0.0,1156,264,0,670,486,263,196059.92,0,1,6,0xfd7ac00fe8e7850ae9a2f347910a1f9cf8ca3dd6,0x8741209d5abdb3790e1aae08c56849786c419733c2ea7bd04c1a3ee637d46d48,0.01,147,Robinhood_Whale_Accumulator,0.85,0.0697,1.0
68,888upupup,888UP,888upupup,0x94cf7ed19901eb7d487c779e6d1baa87157b2d01,unmasked,22790.38,robinhood,6.483,6.483,6.483,6.483,6.483,6.483,6,"['kol', 'smart_degen', 'gmgn_go', 'gmgn']",22790.38,1876.92,0.0,0.0,63.87,84.78,0.0,0.0,14043.27,0.0,0.0,4044,149,0,2569,1475,1526,1588676.64,4,8,6,0x60ed854c1c9749e5a729fc34085b806398293b09,0xae053c8fd95fa55e1af943f10ef69c3ef4d1396e1a4ab67f89dd8788488faab7,2.2176,1536,Multichain_Syndicate,0.85,1.7918,1.0
69,0x5f10d6ac,ROBINHOOD_Trader_69,,0x5f10d6acfddf046a78f15735e6f188ab69140d88,unmasked,20232.11,robinhood,0.0,0.0,0.0,0.0,0.0,0.0,0,"['gmgn', 'launchpad_smart']",20232.11,2646.65,0.0,0.0,70.09,72.97,0.0,0.0,29278.91,0.0,0.0,640,193,0,221,419,143,546389.55,0,4,2,0x62442ce34f8c91a768efe787ceb945cd255125c8,0xb8b931e979f36f2e3128caa2a8892b2d611e0967de368a4a769d2ed1676f7c69,0.15,96,Robinhood_Whale_Accumulator,0.85,0.0001,1.0
70,cobie,Cobie,cobie,0x663b91628674846e8d1cbb779efc8202d86284e2,unmasked,0.0,robinhood,0.0,0.0,0.0,0.0,0.0,0.0,0,['kol'],0.0,0.0,0.0,0.0,0.0,0.0,0.0,0.0,0.0,0.0,0.0,0,0,0,0,0,136,5641337.16,0,0,0,,,,1252553,Robinhood_Whale_Accumulator,0.85,0.0,1.0
71,giocki,giocki,giocki,0x5b0e0d7905e2fbc008ff2836c0a0ffd815c9c9fd,unmasked,6536.57,robinhood,0.001,0.001,0.001,0.001,0.001,0.001,0,"['kol', 'fomo', 'gmgn', 'gmgn_go']",6536.57,117.71,0.0,0.0,35.95,50.0,0.0,0.0,624.44,0.0,0.0,2601,8,0,1701,900,873,1467126.51,0,8,26,0xd84b86d8655ac14076a535c9f9f90dc77892ef8f,0xdffe6a334b219aff6e50cf7b1e0405d44d39d829152954eeaa17cb36b84b3092,0.1177,68537,Robinhood_Whale_Accumulator,0.85,0.0415,1.0
72,feng188666,剑锋 BNB,feng188666,0xf7ff38f74c8a5b4750e5f65ae74c924a441b7b90,unmasked,-307.28,robinhood,0.9117,0.9117,0.9117,0.9117,0.9117,0.9117,0,"['kol', 'gmgn', 'gmgn_go']",-307.28,116.7,0.0,0.0,32.65,50.0,0.0,0.0,906.32,0.0,0.0,171,4,0,57,114,272,4969725.71,0,0,6,,,,13249,Robinhood_Whale_Accumulator,0.85,1.7918,1.0
73,0x8c89f3ef,ROBINHOOD_Trader_73,,0x8c89f3efaac0fb48d14e5b82912fb5e418dd3709,unmasked,144562.99,robinhood,2.486,2.486,2.486,2.486,2.486,2.486,6,"['launchpad_smart', 'gmgn', 'gmgn_go', 'smart_degen']",144562.99,30178.14,0.0,0.0,54.99,46.67,0.0,0.0,236108.95,0.0,0.0,2949,875,0,1002,1947,607,349091.23,5,18,52,0x3807771db053dae9ead980692b6ef85c9c10f0bd,0xc2fa24738ce671434b663b5e3604d34c4d34afc50e3254b34c71be405043709f,0.0143,647,Multichain_Syndicate,0.85,1.7918,1.0
74,0xdd0596f0,ROBINHOOD_Trader_74,,0xdd0596f04cf6a936b22f0592c126b5abd5aa747e,unmasked,10189.36,robinhood,0.0,0.0,0.0,0.0,0.0,0.0,0,"['gmgn_go', 'launchpad_smart', 'gmgn']",10189.36,1039.34,0.0,0.0,59.95,57.69,0.0,0.0,7645.61,0.0,0.0,1510,53,0,520,990,461,485650.28,0,4,1,0x63840222ffd3cac8eb3e88725cf09a9f8d31a28e,0xab03558c29162de3f503c14e67c4df1b8e5cf4840db24bc8e7b176ded22e5f00,0.6963,19,Robinhood_Whale_Accumulator,0.85,0.0001,1.0
75,yztc123,0x杨杨｜tapeout,yztc123,0xa11e739adf417ffe34e1eba75df2031499192b66,unmasked,-4140.54,robinhood,0.0005,0.0005,0.0005,0.0005,0.0005,0.0005,0,"['kol', 'gmgn_go', 'gmgn']",-4140.54,73.17,0.0,0.0,29.13,100.0,0.0,0.0,596.72,0.0,0.0,285,2,0,147,138,270,3934154.67,0,0,26,0xb768671c9fea0439d965fa995d7e30931be16832,0xaaee660dcc35c917e6dd647e3b73e836b5e4c4994e3f1a87af15b5dab9774a98,0.1067,9292,Robinhood_Whale_Accumulator,0.85,0.0233,1.0
76,rxraras,rara,rxraras,0x6baaaf2082816d59c712b7061ec2209f337cecba,unmasked,509308.39,robinhood,0.0,0.0,0.0,0.0,0.0,0.0,0,"['smart_degen', 'launchpad_smart', 'gmgn_go', 'gmgn']",509308.39,15127.66,0.0,0.0,61.69,58.33,0.0,0.0,109559.18,0.0,0.0,6319,137,0,1318,5001,852,311557.15,4,40,38,0x4ef8f9034d649ce1ce4aac329d43e86997ffe08d,0x69e7679fdfac46f9c1d415baa04dd494e5225c169a315d9737ac2aaae020052d,0.0112,290,Robinhood_Whale_Accumulator,0.85,0.0007,1.0
77,0xcb23efc0,ROBINHOOD_Trader_77,,0xcb23efc07b272ea306c5bee25b0b8665e00728d8,unmasked,3823.95,robinhood,0.2029,0.2029,0.2029,0.2029,0.2029,0.2029,0,"['smart_degen', 'launchpad_smart', 'gmgn']",3823.95,327.92,0.0,0.0,37.16,50.0,0.0,0.0,2328.26,0.0,0.0,1341,22,0,767,574,348,1124487.96,0,8,16,0xc9650c9a1da749cdc83b3c802d88227d426d9641,0x853a6932a226dc5787673cfcc91db67799f287439c6fe744c9b80c29e8c43a1f,0.25,76,Robinhood_Whale_Accumulator,0.85,1.7918,1.0
78,RajBunty_007,Raj,RajBunty_007,0xddfa323ea6e88757da00758bb68911fa3c3edf23,unmasked,0.0,robinhood,0.0,0.0,0.0,0.0,0.0,0.0,0,"['kol', 'gmgn_go']",0.0,0.0,0.0,0.0,0.0,0.0,0.0,0.0,0.0,0.0,0.0,0,0,0,0,0,0,0.0,0,0,0,,,,8782,Robinhood_DEX_Scalper,0.85,0.0,1.0
79,tianyi88888888,天意,tianyi88888888,0x2948ebe47277da144a86f43f2b48981c8ff72a3e,unmasked,90.64,robinhood,0.5921,0.5921,0.5921,0.5921,0.5921,0.5921,0,"['kol', 'fomo', 'gmgn', 'gmgn_go']",90.64,89.15,0.0,0.0,50.0,66.67,0.0,0.0,736.96,0.0,0.0,21,9,0,9,12,123,2964983.75,0,0,1,,,,4811,Robinhood_Whale_Accumulator,0.85,1.7918,1.0
80,0xAA_Science,0xAA,0xAA_Science,0x3317ad9eda6942b5a7be5ba83346c0ea82c3c26c,unmasked,0.0,robinhood,0.0,0.0,0.0,0.0,0.0,0.0,0,['kol'],0.0,0.0,0.0,0.0,0.0,0.0,0.0,0.0,0.0,0.0,0.0,0,0,0,0,0,107,6061312.53,0,0,0,,,,181973,Robinhood_Whale_Accumulator,0.85,0.0,1.0
81,0x4755f5d0,ROBINHOOD_Trader_81,,0x4755f5d0175b51449b8e6076f874d0e1adf7e8b1,unmasked,-8003.1,robinhood,0.0006,0.0006,0.0006,0.0006,0.0006,0.0006,0,"['smart_degen', 'gmgn']",-8003.1,72.65,0.0,0.0,23.08,100.0,0.0,0.0,605.28,0.0,0.0,129,5,0,67,62,219,5004672.62,0,0,4,,,,44,Robinhood_Whale_Accumulator,0.85,0.0263,1.0
82,shibaxiaogege,十八哥哥BNB,shibaxiaogege,0xa906e7b6c916af437fb81ca312390e9850c3e27a,unmasked,15864.93,robinhood,1.1387,1.1387,1.1387,1.1387,1.1387,1.1387,6,"['kol', 'fomo']",15864.93,2962.09,0.0,0.0,33.33,33.33,0.0,0.0,12243.94,0.0,0.0,60,10,0,28,32,93,1413101.45,0,0,1,0x1da7f7b6069cdbfe53f96db760275836e43b66de,0x54393f87f35ec5afd95f29270dd84ba4ce3417947d2618a7c21734fed7058166,2.0,6385,Multichain_Syndicate,0.85,1.7918,1.0
83,zhupi_eth,麻瓜猪皮怪,zhupi_eth,0x3a8f9f86b0a23185853d70472b0068220d9b44db,unmasked,2310.55,robinhood,0.0,0.0,0.0,0.0,0.0,0.0,0,"['kol', 'gmgn', 'gmgn_go']",2310.55,3772.61,0.0,0.0,43.27,60.53,0.0,0.0,23503.28,0.0,0.0,333,156,0,141,192,131,775511.19,0,2,10,0x3009dff183deba280c248c5b6813e12e4e920df9,0x164de236221b5de0f27c7e63fea2722ed191485cb5db4e458f05544aaef90fa8,0.0006,20415,Robinhood_Whale_Accumulator,0.85,0.0028,1.0
84,00xhwin,Han,00xhwin,0x7852346c77b3a622fa73607ee35cc784e53f326b,unmasked,8325.37,robinhood,0.0004,0.0004,0.0004,0.0004,0.0004,0.0004,0,"['kol', 'gmgn_go', 'gmgn']",8325.37,1097.41,0.0,0.0,36.02,53.85,0.0,0.0,9098.49,0.0,0.0,1342,17,0,538,804,847,2578752.99,1,12,48,0x0cfba30f815e6209bb60480236dad04e00e5c7c9,0x866d63ea68db27e67265ff66b3375fe8417b128ec92a911eb4a2ac98084f5c70,1.0,2581,Robinhood_Whale_Accumulator,0.85,0.0175,1.0
85,ignHail,,ignHail,0x07e8db253624b1cafaf576c54e84ceea2c50fa4a,unmasked,283.0,robinhood,0.3949,0.3949,0.3949,0.3949,0.3949,0.3949,0,"['kol', 'gmgn']",283.0,301.48,0.0,0.0,75.0,100.0,0.0,0.0,2608.41,0.0,0.0,11,6,0,6,5,43,5655783.65,0,0,0,0x906f5021412f2e96cccc3563e87ed8ce064e73e6,0x9a78c0cc72711c81a251a9f7de99af1b7813e788e28c9627fa5632ec6dfa4e42,0.7924,2970,Robinhood_Whale_Accumulator,0.85,1.7918,1.0
86,snackyfn,Snacky,snackyfn,0xf10ba5ab6d29818d387b5af3faf8e10502754988,unmasked,20141.55,robinhood,0.0005,0.0005,0.0005,0.0005,0.0005,0.0005,0,"['kol', 'gmgn']",20141.55,14481.55,0.0,0.0,29.71,33.33,0.0,0.0,117029.86,0.0,0.0,1400,483,0,711,689,633,3422159.83,0,6,17,0xab4d27fe90dc4dd438bcd2590fee7d489c0d8c6e,0x58fe706d5547ab25fdaea661ff386bdfd6d434acb4f2a7ec99583f748d767e11,0.1,5084,Robinhood_Whale_Accumulator,0.85,0.0235,1.0
87,Crypto4bailout,C4B Freedom,Crypto4bailout,0xb15913e760de47ec2c8484505e4c745ebedc9934,unmasked,0.0,robinhood,0.0,0.0,0.0,0.0,0.0,0.0,0,['kol'],0.0,0.0,0.0,0.0,0.0,0.0,0.0,0.0,0.0,0.0,0.0,0,0,0,0,0,136,6173301.37,0,0,0,,,,134091,Robinhood_Whale_Accumulator,0.85,0.0,1.0
88,0xweiqigaoshou,我是围棋高手（耐心/alpha）,0xweiqigaoshou,0xe16da211c7d873765592e5e452649097461f6ab5,unmasked,743.36,robinhood,0.5784,0.5784,0.5784,0.5784,0.5784,0.5784,0,"['kol', 'gmgn_go', 'gmgn']",743.36,743.36,0.0,0.0,14.29,14.29,0.0,0.0,4205.23,0.0,0.0,20,20,0,14,6,24,795602.96,0,1,1,0x6ae55e7a5ccd6d238685727330058debd4bb8475,0xcb9afc6bf25234273424bf78a58496c6f1384cc8b8401dea828d1de39b251c5d,0.5,24021,Robinhood_Whale_Accumulator,0.85,1.7918,1.0
89,Tetranode,TΞtranodΞ ,Tetranode,0x69c509e9765c49cc6b9b4568b90aa47b89f4992f,unmasked,0.0,robinhood,0.0,0.0,0.0,0.0,0.0,0.0,0,['kol'],0.0,0.0,0.0,0.0,0.0,0.0,0.0,0.0,0.0,0.0,0.0,0,0,0,0,0,4,6365449.25,0,0,0,,,,172653,Robinhood_Whale_Accumulator,0.85,0.0,1.0
90,milesjnixon,linhui,milesjnixon,0x2f47ca870e6febbd7cd9b7fdbe1d76467709a085,unmasked,594.97,robinhood,0.8665,0.8665,0.8665,0.8665,0.8665,0.8665,0,"['kol', 'gmgn', 'gmgn_go']",594.97,126.81,0.0,0.0,45.14,66.67,0.0,0.0,1104.14,0.0,0.0,748,34,0,465,283,392,1862316.09,0,2,12,,,,1081,Robinhood_Whale_Accumulator,0.85,1.7918,1.0
91,roger73005305,比特进,roger73005305,0x4c10ad2e6b0e7bc7e76fbdaaf768eca1838dcd8d,unmasked,0.0,robinhood,0.0,0.0,0.0,0.0,0.0,0.0,0,['kol'],0.0,0.0,0.0,0.0,0.0,0.0,0.0,0.0,0.0,0.0,0.0,0,0,0,0,0,136,5641339.16,0,0,0,,,,69266,Robinhood_Whale_Accumulator,0.85,0.0,1.0
92,IglooMediaBase,T.O.,IglooMediaBase,0xee6629d668fd86d1d3533c49d1a4ddfe6b8dbb45,unmasked,0.0,robinhood,0.0,0.0,0.0,0.0,0.0,0.0,0,['kol'],0.0,0.0,0.0,0.0,0.0,0.0,0.0,0.0,0.0,0.0,0.0,0,0,0,0,0,109,6168393.16,0,0,0,,,,5029,Robinhood_Whale_Accumulator,0.85,0.0,1.0
93,Aomake70,A,Aomake70,0xca1a2fb7f3179d887504966b25d1606978adcd42,unmasked,228906.07,robinhood,0.0,0.0,0.0,0.0,0.0,0.0,0,"['kol', 'fomo', 'gmgn_go', 'gmgn']",228906.07,11339.31,0.0,0.0,52.79,62.29,0.0,0.0,71340.81,0.0,0.0,8783,386,0,4195,4588,2000,1062593.97,7,36,72,0xa64c6369c0d4c61aeee1f8997bcfb4022f2c614b,0xcb55240f44974387f321d8ad09787901eac666e03cad323939f3a78511c283b6,0.5,5664,Robinhood_Whale_Accumulator,0.85,0.0013,1.0
94,PolskaCebula,虾哥,PolskaCebula,0xaf82a3e8cd907687f717eb93c76865ae94e091f9,unmasked,2124.48,robinhood,0.0057,0.0057,0.0057,0.0057,0.0057,0.0057,0,"['kol', 'gmgn_go', 'gmgn']",2124.48,2124.48,0.0,0.0,50.0,50.0,0.0,0.0,9729.98,0.0,0.0,35,20,0,26,9,88,4609392.89,0,0,0,0x53091256ebd2d8aa37b45536a5fd864ca764f32f,0xb599d0c1855f9bdafffd3314661dfbee16b711d0c86b51cab7658997fe22c6b4,2.6358,44524,Robinhood_Whale_Accumulator,0.85,0.1755,1.0
95,0xefea7681,ROBINHOOD_Trader_95,,0xefea76816fa19ebc79789aad62ba8dc6e33b9e0a,unmasked,20307.95,robinhood,0.0002,0.0002,0.0002,0.0002,0.0002,0.0002,0,"['gmgn', 'launchpad_smart']",20307.95,13689.59,0.0,0.0,59.52,59.52,0.0,0.0,121270.21,0.0,0.0,829,599,0,369,460,333,269164.59,2,6,5,0x7b9761145ef55f33dfcd514f1e20f5313da978af,0x8e0bbd86f1dfafa80a392f578d904d09bb3e7e7dc2011e3e868dd00251448f17,1.0,57,Robinhood_Whale_Accumulator,0.85,0.0102,1.0
96,0xe678389d,ROBINHOOD_Trader_96,,0xe678389dc1859ddecdaa94809a32c99e125bb594,unmasked,8428.4,robinhood,0.0002,0.0002,0.0002,0.0002,0.0002,0.0002,0,"['smart_degen', 'launchpad_smart', 'gmgn']",8428.4,1758.93,0.0,0.0,49.31,33.33,0.0,0.0,8255.54,0.0,0.0,3015,39,0,1264,1751,764,238487.07,0,4,16,0x3bb736ca3271eb3ff75318f8f5585a8c86b4b5cc,0x5717532c739af3b27511dde91f37a6f6e0f50352ab79528086778e9024bdfbfd,0.0335,16,Robinhood_Whale_Accumulator,0.85,0.0102,1.0
97,0xe055ea57,ROBINHOOD_Trader_97,,0xe055ea577de3999bd726d1fa14d6ac1568afea1f,unmasked,50437.88,robinhood,1.2726,1.2726,1.2726,1.2726,1.2726,1.2726,6,"['launchpad_smart', 'gmgn']",50437.88,713.63,0.0,0.0,41.87,32.0,0.0,0.0,5762.91,0.0,0.0,4961,62,0,2048,2913,1884,234126.62,26,54,162,0x9e22debbc41fd88b6aab8e87deaad5ef4c7e76f1,0x62bf45ca563281db74f43d8a272e394bf418724ec3b66cb2a7a563e4a2dad023,0.0002,88,Multichain_Syndicate,0.85,1.7918,1.0
98,0x160d6dfe,ROBINHOOD_Trader_98,,0x160d6dfe7434e8c928a013feded40633f2242211,unmasked,-35.44,robinhood,0.0005,0.0005,0.0005,0.0005,0.0005,0.0005,0,"['smart_degen', 'gmgn']",-35.44,60.35,0.0,0.0,23.68,100.0,100.0,0.0,592.67,0.0,0.0,126,5,0,67,59,250,4993770.0,0,0,3,,,,40,Robinhood_Whale_Accumulator,0.85,0.0229,1.0
99,boredboomer_eth,ＢＯＯＭ Ξ Ｒ,boredboomer_eth,0xb7f7f6c52f2e2fdb1963eab30438024864c313f6,unmasked,0.0,robinhood,0.0,0.0,0.0,0.0,0.0,0.0,0,['kol'],0.0,0.0,0.0,0.0,0.0,0.0,0.0,0.0,0.0,0.0,0.0,0,0,0,0,0,105,5681425.6,0,0,0,,,,15732,Robinhood_Whale_Accumulator,0.85,0.0,1.0
100,0xa14a3eb8,ROBINHOOD_Trader_100,,0xa14a3eb89c0ffc8cecdf5b47a48d00e30419ce66,unmasked,40384.8,robinhood,1.2733,1.2733,1.2733,1.2733,1.2733,1.2733,6,"['gmgn_go', 'launchpad_smart', 'gmgn']",40384.8,7502.83,0.0,0.0,54.41,68.18,0.0,0.0,76504.22,737.29,0.0,526,213,5,409,117,359,3108504.8,0,7,6,0x9b4a1a75e44f9a8b223ea4f921dadf86ab01d42e,0x5a59e5494a8d73c6041526f4ad869a8d37e16e2dd6c9dfad3ee4480d1a1c037a,0.2,164,Multichain_Syndicate,0.85,1.7918,1.0
1,JackieTian7,0xphoenix.eth,JackieTian7,0xcf2b7c6bc98bfe0d6138a25a3b6162b51f75e05d,unmasked,226511.4,ethereum,7.9236,7.9236,7.9236,7.9236,7.9236,7.9236,6,"['kol', 'arbitrager']",226511.4,68288.34,70052.87,0.0,32.76,30.77,22.22,0.0,17567.91,1846.35,0.0,935,67,14,655,280,488,6641836.26,4,8,18,0x0000000000000068f116a894984e2db1123eb395,,2.388,2333,Multichain_Syndicate,0.25,1.7918,1.2
2,0x51f9d44c,ETH_Trader_2,,0x51f9d44c65e8da6bce596092dc0d41d07d97968c,unmasked,465786.19,ethereum,0.7642,0.7642,0.7642,0.7642,0.7642,0.7642,0,['smart_degen'],465786.19,325522.58,66943.87,3561.81,48.98,60.0,61.11,56.52,9678735.27,2108878.55,185832.77,18141,2936,483,8877,9264,183,6029353.38,0,0,0,0x5d47603902a8cadbf3337abbc6df8f67a251d821,0x23e75ea61824f2d7a44637932e128bbf15356effaaff9a555e4eda21e0ebd7a2,1.0,55,Ethereum_Whale_Accumulator,0.25,1.7918,1.14
3,0x55f34221,ETH_Trader_3,,0x55f3422138e9fed0bd81351bff66c882550002e8,unmasked,53931.67,ethereum,3.7972,3.7972,3.7972,3.7972,3.7972,3.7972,6,"['smart_degen', 'gmgn_go', 'gmgn']",53931.67,49840.91,46252.99,389.09,38.02,41.46,66.67,100.0,79982.46,62512.1,4677.15,583,117,46,299,284,283,1730637.85,4,10,35,0x43ee90419abcf62124a3c2bd41418e53350e650c,,0.0215,2355,Multichain_Syndicate,0.25,1.7918,1.67
4,panzonhl,panz.hl,panzonhl,0xf907877022b1e61232aca00661d6fb629b356d4c,unmasked,44061.16,ethereum,0.8947,0.8947,0.8947,0.8947,0.8947,0.8947,0,"['arbitrager', 'gmgn_go', 'kol', 'gmgn']",44061.16,37622.94,34134.32,-510.44,35.19,44.04,46.31,48.0,156007.2,114582.72,7869.61,2017,605,427,998,1019,752,449976.48,5,10,19,0x5babe600b9fcd5fb7b66c0611bf4896d967b23a1,0x58255276312666e85e6f13b699553611226b614366f34e4a1cd19eaa2f322938,0.2546,2509,Ethereum_Whale_Accumulator,0.25,1.7918,1.0
5,jTRIzPyo5nApJmo,yohoming,jTRIzPyo5nApJmo,0xfcdfda023f727dafa35e8ee2715bcd7411c86b21,unmasked,-2136734.6,ethereum,0.0396,0.0396,0.0396,0.0396,0.0396,0.0396,0,"['kol', 'arbitrager']",-2136734.6,23993.26,23399.21,0.0,17.06,6.67,28.57,0.0,25022.96,6728.24,0.0,511,68,3,379,132,372,4052624.73,1,1,6,0xbf94f0ac752c739f623c463b5210a7fb2cbb420b,,0.2996,711,Ethereum_Whale_Accumulator,0.25,0.7672,1.0
6,0x6bba7df6,ETH_Trader_6,,0x6bba7df6971127cb15fd78fdebe33eeff5a6dd59,unmasked,20118.23,ethereum,14.3818,14.3818,14.3818,14.3818,14.3818,14.3818,6,"['smart_degen', 'gmgn_go', 'gmgn']",20118.23,19315.15,19493.85,0.0,47.06,33.33,100.0,0.0,28173.23,22437.61,0.0,208,35,31,85,123,76,1735883.31,1,2,4,0x135cec2094307a912443339ead7ad89b179bebf4,0x49541d3162fc06d775f9a0000367a95fd72be42023f24b6d59dd93bc2bfd98f2,1.0,2226,Multichain_Syndicate,0.85,1.7918,1.0
7,erichsu_eth,Erichsu.eth,erichsu_eth,0x5865363bb04450ab313dcd2e71a189efb3c31e41,unmasked,26261.2,ethereum,0.0,0.0,0.0,0.0,0.0,0.0,0,"['kol', 'gmgn_go', 'fomo']",26261.2,26261.2,18621.98,-435.34,18.75,18.75,22.22,0.0,35251.38,25587.07,1028.73,97,96,73,6,91,46,1635176.54,1,1,7,0xa1e84210239bad5571171a8fe304a90e7ffe5189,0xff4ce7a5e4165b9d664813ed679ea0e61625edde4880a6cd2c1d3c2100e336af,0.01,9646,Ethereum_Whale_Accumulator,0.25,0.0,2.0
8,0xleet,leet,0xleet,0x62e5332dcb286f1753d245707c91a38821bb5645,unmasked,32997.32,ethereum,8.9824,8.9824,8.9824,8.9824,8.9824,8.9824,6,"['kol', 'arbitrager', 'gmgn_go', 'gmgn']",32997.32,7863.41,10723.62,0.0,39.13,39.13,57.14,0.0,98770.56,17486.22,238.43,407,84,39,204,203,131,2019747.87,3,2,5,0x74805f6415654852fc77fc944ef9126a086c358b,0xcfb65a21fb93fc7c5ef0a7ec75f7fdc9c9b6304058a9539b0a6849992d77263f,2.73,1550,Multichain_Syndicate,0.25,1.7918,1.67
9,0xcd211569,ETH_Trader_9,,0xcd211569a108fdac74d729ba7358a743a3c2e08d,unmasked,128029.74,ethereum,6.1617,6.1617,6.1617,6.1617,6.1617,6.1617,6,"['sigma', 'smart_degen', 'arbitrager', 'gmgn']",128029.74,82390.41,10717.72,-168.94,55.43,70.59,83.33,50.0,237030.53,75487.08,2064.71,959,249,58,529,430,310,3388930.59,3,7,32,0xfc7af206e1a69f7886fb47ff8e1287fff4406d03,0xffcc59933e43e9b43814a1ef42552651437fe7904511aa25cb3c878a46309c9c,0.02,884,Multichain_Syndicate,0.25,1.7918,1.8
10,0xc05ef5e1,ETH_Trader_10,,0xc05ef5e1fd014267f66fa24b260f361af7d79122,unmasked,206306.96,ethereum,12.6596,12.6596,12.6596,12.6596,12.6596,12.6596,6,"['sigma', 'smart_degen', 'arbitrager', 'bananagun']",206306.96,37688.88,10708.04,3978.88,41.33,38.82,50.0,60.0,224041.66,46189.1,12972.2,2445,344,96,1262,1183,829,723769.16,7,20,16,0xc2217dd7522f21b6ca3a0a28445c210be3e0c54e,0x05797bcaa25474df37fed3ee94ca2397bd6672c4f52186c4f5b865c0d0b1efae,0.1,265,Multichain_Syndicate,0.25,1.7918,1.67
11,milady,milady,milady,0x023ab8e20a4682d315daef4c91db96bd77934d66,unmasked,128454.95,ethereum,0.0227,0.0227,0.0227,0.0227,0.0227,0.0227,0,['kol'],128454.95,12058.93,10701.36,-109.86,39.69,37.5,33.33,50.0,172262.1,94282.05,2184.67,6834,194,117,3406,3428,521,4557051.81,1,0,18,0x0000000000000068f116a894984e2db1123eb395,,0.1104,1048,Ethereum_Whale_Accumulator,0.25,0.516,1.33
12,shenron__1,Shenron ,shenron__1,0xeeefff8ce2710fa490e0fcb794235e873c252d2e,unmasked,11838.86,ethereum,2.484,2.484,2.484,2.484,2.484,2.484,6,"['kol', 'gmgn_go', 'gmgn']",11838.86,12394.57,10641.59,0.0,22.18,18.9,18.1,0.0,198317.18,139199.41,0.0,815,503,359,381,434,301,1848803.06,1,0,3,0x99caa39c7fb1b36f020b238ef2e578bfff21fbed,0x4eef483068ded401e536688df4e50a19eb6f119f3e2fb969f66825ffb1f8d67d,0.0507,2247,Multichain_Syndicate,0.85,1.7918,1.0
13,NeoCallss,NΞO,NeoCallss,0xe28601398a5448d1147e6e8b0e0c6d686f0d216d,unmasked,44998.18,ethereum,2.5362,2.5362,2.5362,2.5362,2.5362,2.5362,6,"['kol', 'arbitrager', 'gmgn_go', 'sigma', 'gmgn']",44998.18,17696.0,10209.06,114.74,47.23,45.35,52.63,80.0,139447.15,54072.74,2908.81,1033,226,97,499,534,416,1315366.45,2,18,15,0x631f18e4192846574b05246f7349ba6b1e70a016,0x1ea180829685ce117feadcf8474c915a80dc6532b4127e74836421494deb5e1c,7.13,28825,Multichain_Syndicate,0.25,1.7918,1.0
14,0x07f190b1,ETH_Trader_14,,0x07f190b1a5776d523a903253a3cf994ae34466bb,unmasked,21989.22,ethereum,2.8168,2.8168,2.8168,2.8168,2.8168,2.8168,6,"['sigma', 'smart_degen']",21989.22,16496.87,9931.08,0.0,33.95,26.67,23.08,0.0,38619.53,18055.37,0.0,810,217,59,457,353,315,1855691.54,11,3,23,0x4e5b2e1dc63f6b91cb6cd759936495434c7e972f,0x30ca583d18ae6b8e627335e7c19483c6a60cd6dfe70046674a8cd5b17f5a8cc9,0.5859,28,Multichain_Syndicate,0.25,1.7918,2.25
15,justinsuntron,H.E. Justin Sun ‍ ,justinsuntron,0x176f3dab24a159341c0509bb36b833e7fdd0a132,unmasked,29492052.51,ethereum,5.9213,5.9213,5.9213,5.9213,5.9213,5.9213,6,"['kol', 'bluechip_owner']",29492052.51,21037.04,9470.91,0.0,12.5,50.0,50.0,0.0,0.0,0.0,0.0,2,0,0,0,2,1124,6919430.37,0,0,0,0x29065a4c1f2f20d1e263930088890d6f49fe715a,,500.0,4298123,Multichain_Syndicate,0.25,1.7918,1.0
16,0x5420ba3a,ETH_Trader_16,,0x5420ba3a8b8bf5272a20fc24e308d622db304fc6,unmasked,61800.72,ethereum,4.678,4.678,4.678,4.678,4.678,4.678,6,"['smart_degen', 'gmgn']",61800.72,44034.92,9446.26,0.0,16.36,15.79,33.33,0.0,160561.95,25388.42,538.94,117,33,9,69,48,69,1435104.46,2,1,4,0x6745933056b054cdfe4c7c0655c4be54ad09c10f,0x604c107d57f3d529b8bd14fd0678d38fb218a6f317cacd5a54140aec6046d3dc,0.0584,285,Multichain_Syndicate,0.25,1.7918,1.0
17,yodacalls,Yoda,yodacalls,0x371903abb32f5f69b536b77495e92adedfea25da,unmasked,29343.13,ethereum,0.889,0.889,0.889,0.889,0.889,0.889,0,"['sigma', 'kol', 'smart_degen', 'gmgn_go', 'arbitrager', 'gmgn']",29343.13,13912.32,8334.95,-53.43,36.07,28.45,32.61,0.0,130980.03,59319.08,52.02,1803,290,131,836,967,632,1659626.65,6,18,52,0xcc457582e034a1a59e2550e162e8c3991eadb177,0xfb6390458bec7108184281718bb7c9cf6caa41d33ecf79c0d88b2a6ffd2c31f0,0.098,7297,Ethereum_Whale_Accumulator,0.25,1.7918,1.6
18,SuperL9,Wick李 BNB,SuperL9,0x7e8fb0392542812476d9f2d0d71c01d1fa0776c5,unmasked,5983.84,ethereum,2.3467,2.3467,2.3467,2.3467,2.3467,2.3467,6,"['kol', 'gmgn_go', 'gmgn']",5983.84,6532.28,8166.96,0.0,31.29,48.15,52.0,0.0,32450.26,22183.16,0.0,987,114,62,476,511,403,1569076.29,6,6,81,0x56eddb7aa87536c09ccc2793473599fd21a8b17f,0xbfecb08f9e877fd6e2aee6963e2a97f0f76dfa031ebc566d8c473be3b13ad9fc,0.5641,40018,Multichain_Syndicate,0.25,1.7918,1.33
19,OlympusDAO,"OlympusDAO |Smart, Money|",OlympusDAO,0xa8687a15d4be32cc8f0a8a7b9704a4c3993d9613,unmasked,1093445.67,ethereum,0.0,0.0,0.0,0.0,0.0,0.0,0,"['builder', 'kol']",1093445.67,81073.12,6471.46,0.0,100.0,100.0,100.0,100.0,0.0,0.0,0.0,0,0,0,0,0,20,5945257.5,0,0,0,,,,125582,Ethereum_Whale_Accumulator,0.85,0.0,1.0
20,DaniWorldwide,Dani,DaniWorldwide,0xbac453b9b7f53b35ac906b641925b2f5f2567a89,unmasked,99260.64,ethereum,25.556,25.556,25.556,25.556,25.556,25.556,6,"['kol', 'gmgn_go', 'gmgn']",99260.64,91425.02,6017.65,0.0,30.0,50.0,57.14,0.0,177322.84,29480.53,0.0,664,79,17,413,251,187,1458539.06,4,0,32,0x3807771db053dae9ead980692b6ef85c9c10f0bd,0xc00b86b6396abfdbaa8cb7ea220e37ba65268f8609a2c33d74e509e0d689b265,0.1085,22536,Multichain_Syndicate,0.25,1.7918,2.25
21,aa_AFeng,阿峰_Afeng,aa_AFeng,0xbf004bff64725914ee36d03b87d6965b0ced4903,unmasked,460491.19,ethereum,2.4906,2.4906,2.4906,2.4906,2.4906,2.4906,6,"['kol', 'sigma', 'smart_degen', 'arbitrager', 'gmgn_go', 'gmgn']",460491.19,32048.9,5513.49,726.81,55.63,71.88,73.33,71.43,255984.95,38379.13,6392.65,11177,378,111,5911,5266,2000,5020947.04,3,29,169,0x5353b1cb62a7f0db908bd070b7e3f2cd1bf069d5,0xd7e2621722d5ad9958ec52f4db7ad01db4f6a2b57c87a45bd34d26db786fb162,4.4024,55484,Multichain_Syndicate,0.25,1.7918,1.17
22,Unipioneer,0xᴜᴇzhᴀng|985.eth,Unipioneer,0x61fd0d043d519f5a2bd05785000f30db96809429,unmasked,77517.47,ethereum,4.5327,4.5327,4.5327,4.5327,4.5327,4.5327,6,"['kol', 'gmgn']",77517.47,5271.37,5420.65,0.0,31.18,55.56,100.0,0.0,21362.94,13016.84,0.0,614,36,14,310,304,764,7152656.19,4,10,11,0xafc97657ea8f24b30edc3a19ed4692090f4e8bdf,,0.069,53493,Multichain_Syndicate,0.85,1.7918,3.0
23,dev_enjoys,fierydev ,dev_enjoys,0x28aa4f9ffe21365473b64c161b566c3cdead0108,unmasked,-22165.6,ethereum,0.1555,0.1555,0.1555,0.1555,0.1555,0.1555,0,['kol'],-22165.6,5317.55,5319.99,0.0,17.07,50.0,66.67,100.0,132357.41,132048.89,0.0,500,17,15,367,133,153,6878180.61,0,0,3,0x5c7bcd6e7de5423a257d81b442095a1a6ced35c5,,22.4944,4988,Ethereum_Whale_Accumulator,0.85,1.7364,1.0
24,0x40c20da8,ETH_Trader_24,,0x40c20da8d0214a7ef33a84e287992858db744e6d,unmasked,5413.06,ethereum,0.9498,0.9498,0.9498,0.9498,0.9498,0.9498,0,['vc'],5413.06,5298.95,5298.95,0.0,7.69,100.0,100.0,0.0,0.0,0.0,0.0,16,0,0,1,15,84,7624129.75,0,0,0,,,,7,Ethereum_Whale_Accumulator,0.25,1.7918,1.33
25,BMooon97_,BlueMoon,BMooon97_,0x5f9bc316d8473d8c6634bd26f3e0932cd6bf0718,unmasked,-1981.78,ethereum,3.0421,3.0421,3.0421,3.0421,3.0421,3.0421,6,"['kol', 'gmgn_go', 'gmgn']",-1981.78,2105.49,4486.15,0.0,42.11,33.33,100.0,0.0,26441.74,8344.8,0.0,58,17,4,34,24,36,3566660.11,0,1,6,0x07427c476501e03b1802541625cefd1df24484d2,0x0ffe85acca3a723477d80312ec4950e5a9b80acd57e8967105df865db8a12183,1.5,4546,Multichain_Syndicate,0.25,1.7918,2.0
26,XIGUA0903,西瓜BNB,XIGUA0903,0x3472ccf6209925204b9cf352171ee150904fda7e,unmasked,14421.18,ethereum,1.0959,1.0959,1.0959,1.0959,1.0959,1.0959,6,"['kol', 'gmgn_go', 'smart_degen', 'gmgn']",14421.18,14297.83,4394.01,0.0,44.34,45.1,41.46,0.0,175165.31,65876.84,0.0,350,346,127,137,213,116,125289.5,0,2,6,0x5388668c4fa8da7f756ef8498ff24d7999999999,0x8c5f38997bd026d33bce2eea943c1ee4740f347246e18142412c3585a020103a,0.0048,6710,Multichain_Syndicate,0.25,1.7918,1.25
27,Zemrics,Zemrics,Zemrics,0x9dbfded199ee3a6b291c223e65f97d387156aada,unmasked,44369.16,ethereum,2.6482,2.6482,2.6482,2.6482,2.6482,2.6482,6,"['kol', 'arbitrager', 'gmgn']",44369.16,15072.33,4114.48,0.0,37.56,53.49,100.0,0.0,67411.54,14280.12,0.0,1180,118,25,576,604,480,1146123.31,9,9,40,0x605b21bae6a1f02227eb9e6587f7846030046b53,0xaff3ea5458598319dccecea4e060f29a46d82c32c0b993cd6369c0d3eddcd95a,0.0335,9571,Multichain_Syndicate,0.25,1.7918,2.0
28,SlikkneSs,SlikkneSs,SlikkneSs,0xafba765e49a4545569e955f6c4baba12e427bf64,unmasked,87938.96,ethereum,2.0289,2.0289,2.0289,2.0289,2.0289,2.0289,6,"['kol', 'arbitrager']",87938.96,3593.72,3930.94,174.66,53.45,38.64,46.67,66.67,61681.94,48878.63,5004.31,956,122,86,469,487,718,1717289.28,14,8,12,0xea14cde8d7cb82681e11582a7f5d851fab7a34a8,,22.76,16846,Multichain_Syndicate,0.25,1.7918,1.0
29,0xcce7222e,ETH_Trader_29,,0xcce7222e9b9fec1ebf52d62a9da692b88090f30b,unmasked,8174.52,ethereum,0.0,0.0,0.0,0.0,0.0,0.0,0,"['smart_degen', 'arbitrager', 'gmgn_go', 'gmgn']",8174.52,5233.42,3232.04,0.0,45.03,40.28,45.83,28.57,29082.31,12947.9,0.0,281,121,49,120,161,164,285331.42,2,2,3,0x56eddb7aa87536c09ccc2793473599fd21a8b17f,0xdb101fad77263acd4cc1f172eefaec569ed7d8e2b4a33672108daf99a0deb076,0.2186,306,Ethereum_Whale_Accumulator,0.25,0.0004,1.5
30,0xbee242d3,ETH_Trader_30,,0xbee242d3a94420551c65f5b16d9a1c918910cccd,unmasked,167739.56,ethereum,1.6715,1.6715,1.6715,1.6715,1.6715,1.6715,6,['smart_degen'],167739.56,236206.28,2863.92,1743.72,13.28,18.64,23.33,11.11,17918404.1,2271785.28,22104.52,5450,259,48,2246,3204,707,8263542.92,1,1,5,0x4838b106fce9647bdf1e7877bf73ce8b0bad5f97,0x739fbca0ca0f3727c3c5a6dfe2bfc650d6e895c6ff3bf44f2f334648bf6aec36,0.0046,19,Multichain_Syndicate,0.25,1.7918,1.12
31,LuffyCallz,Luffy,LuffyCallz,0x8295935703d543a6db78b9eede2f67f7d43b8622,unmasked,10917.75,ethereum,0.1847,0.1847,0.1847,0.1847,0.1847,0.1847,0,"['sigma', 'smart_degen', 'gmgn_go', 'gmgn']",10917.75,5586.97,2528.07,778.29,33.82,36.36,47.06,66.67,26408.94,13349.26,2841.8,602,96,59,273,329,249,1882255.76,3,7,15,0x56eddb7aa87536c09ccc2793473599fd21a8b17f,0x34359be90922d60cdaf1c0e3d78faac9aebc0de68a3ff7e8e0802e1142eb0cbb,1.4998,994,Ethereum_Whale_Accumulator,0.85,1.7918,1.0
32,0x0deaa831,ETH_Trader_32,,0x0deaa831df697157d33928af09eee9a7f4d58d2b,unmasked,89920.81,ethereum,3.5912,3.5912,3.5912,3.5912,3.5912,3.5912,6,"['snipe_bot', 'bananagun']",89920.81,5747.84,2101.32,171.36,71.64,76.47,90.0,100.0,296316.78,63038.7,3903.84,3629,182,31,1741,1888,492,697874.13,1,1,3,0x2f3186ba1b8dcdebfe3586c0b6c499cb89489ded,,0.0356,28,Multichain_Syndicate,0.85,1.7918,1.0
33,0xossalivan,professor,0xossalivan,0xf38ce55fe4e517e77e1056a54e64f22d43d88c3a,unmasked,946.81,ethereum,0.3944,0.3944,0.3944,0.3944,0.3944,0.3944,0,"['kol', 'gmgn_go', 'gmgn']",946.81,1071.48,2004.2,-102.25,28.57,29.27,34.69,25.0,60517.97,33361.49,585.21,259,254,153,110,149,94,119500.72,0,1,2,0x3807771db053dae9ead980692b6ef85c9c10f0bd,0x044e37007f790b6b61187cd136a876a649949bdae29c7ab3019e1f266c7d3870,0.0013,108,Ethereum_Whale_Accumulator,0.85,1.7918,1.0
34,0x04624c07,ETH_Trader_34,,0x04624c07e901e977daf6611a4a6724a00b5eb994,unmasked,25223.75,ethereum,0.1893,0.1893,0.1893,0.1893,0.1893,0.1893,0,['smart_degen'],25223.75,9388.01,1954.67,0.0,27.27,22.22,100.0,0.0,27289.2,5631.85,0.0,397,93,20,293,104,240,7617306.77,5,0,25,0xfd8f50e3ee0f3e31c0409f9adbdc3f149f3e9dea,0xb83e0e9e5eb327c278c0af1656fdcf8806342d931435cdb3d62a2dcb218a9fc7,1.11,880,Ethereum_Whale_Accumulator,0.85,1.7918,1.0
35,Beautrj,Beaut,Beautrj,0x05c17ffad91bbd8e07bb896c15b792e073686183,unmasked,2940.23,ethereum,1.0653,1.0653,1.0653,1.0653,1.0653,1.0653,6,"['kol', 'gmgn']",2940.23,1951.58,1951.58,0.0,31.25,42.86,42.86,0.0,6658.27,6658.27,0.0,29,21,21,12,17,21,1081538.93,0,1,1,0x396b51c87639de2f5b4e71bd2325bd01a35a4db5,0xd78ff1cd92b1c10088c3269d562d0348c9819d920d6a7fde5a97b8cb6acd9411,0.6,1337,Multichain_Syndicate,0.85,1.7918,1.0
36,ZephyrTrading,Zephyr,ZephyrTrading,0xb2d1af0746c410e146272e804b1741f07f83b851,unmasked,8064.24,ethereum,0.9283,0.9283,0.9283,0.9283,0.9283,0.9283,0,"['kol', 'arbitrager', 'gmgn_go', 'gmgn']",8064.24,4040.61,1841.5,0.0,42.7,50.0,71.43,0.0,92733.59,14521.41,0.0,307,112,24,176,131,103,545954.23,0,0,5,0xe2f1b76a52adcd6f025c96d78f1557c6fc6bd911,0xa36e3211a3ce68cbc77b081a6ce660f12299601d41143045b0f3b78d9914b93f,0.3492,11176,Ethereum_Whale_Accumulator,0.85,1.7918,1.0
37,0xd1f78f02,ETH_Trader_37,,0xd1f78f0215c5f735b4f9627737c103898158afaa,unmasked,-866270.9,ethereum,2.3875,2.3875,2.3875,2.3875,2.3875,2.3875,6,"['smart_degen', 'arbitrager']",-866270.9,831.59,1602.11,-662.65,32.39,30.21,26.47,10.0,47764.41,24927.26,1244.24,1394,232,94,685,709,562,1340340.38,5,10,127,0x12e7181b9307eadb25fc2898d717d6752c60156c,0x5f5b5c7a551339c074e4134e6d743dd19fedb12f98885fcaaae5ad36e2984f81,2.0,120,Multichain_Syndicate,0.85,1.7918,1.0
38,4IxAadDeA128491,もりのサブ垢,4IxAadDeA128491,0xcae4ccfe670f8c2a4999f9dfaf44625110fce9e5,unmasked,3652.69,ethereum,0.1517,0.1517,0.1517,0.1517,0.1517,0.1517,0,"['kol', 'arbitrager']",3652.69,1599.5,1599.5,0.0,12.0,50.0,50.0,0.0,0.0,0.0,0.0,69,0,0,19,50,131,6580148.75,0,1,0,0xaeb0c00d0125a8a788956ade4f4f12ead9f65ddf,,0.24,115,Ethereum_Whale_Accumulator,0.85,1.7166,1.0
39,0x636aa161,ETH_Trader_39,,0x636aa161f4924a0dbce40413a99c896250bc87a7,unmasked,7829.65,ethereum,0.2357,0.2357,0.2357,0.2357,0.2357,0.2357,0,"['gmgn', 'smart_degen', 'gmgn_go']",7829.65,1370.45,1363.05,-102.83,41.5,40.82,30.77,16.67,30712.3,18488.62,355.71,1177,139,84,607,570,382,785490.66,0,8,17,0xdb82dee5a16697eeb428bf0e4980fd4f894f70c5,0x60f7984ddc30934f3b65e14fc3df87dde80156b0bc50e39497ca0b7daf3c8c45,0.0033,120,Ethereum_Whale_Accumulator,0.85,1.7918,1.0
40,0x409185f3,ETH_Trader_40,,0x409185f31188ba48414f104ca19993c009bc9e64,unmasked,16554.03,ethereum,0.1322,0.1322,0.1322,0.1322,0.1322,0.1322,0,"['smart_degen', 'arbitrager', 'gmgn', 'sigma']",16554.03,2392.45,1343.71,0.0,37.83,32.61,31.58,12.5,15587.21,8051.08,0.0,862,104,44,453,409,386,1196334.15,11,10,30,0x62425cd6bdcb6bfe51558ea465b063486b70dc9f,0x26056c06bd712e1a9cd0132e24aa37490f3ca6cb328f7168a64ec32308e78526,0.2481,64,Ethereum_Whale_Accumulator,0.85,1.6051,1.0
41,feibo03,CowboyBNB ｜版本之牛,feibo03,0xe1e3252b8b2f9bf2a8335389ba8ee62e6ea29407,unmasked,4377.32,ethereum,1.295,1.295,1.295,1.295,1.295,1.295,6,"['kol', 'gmgn_go', 'gmgn']",4377.32,4377.32,1263.1,0.0,23.4,23.4,25.0,0.0,49242.75,9118.07,0.0,120,120,24,53,67,142,610170.03,0,3,4,0x6b78b5f5de493577a686d43b7792b29178aa4de1,0x6f4cdcc129ce8e52fda43cf87a323c9b4563d6ed02dedf98ecc28db632582110,1.0,42711,Multichain_Syndicate,0.85,1.7918,1.0
42,antpositions,AntPositions(蚂蚁仓）,antpositions,0xa83b73f5644cde337b61da79589f10ea15548811,unmasked,122876.28,ethereum,10.1838,10.1838,10.1838,10.1838,10.1838,10.1838,6,"['kol', 'gmgn_go', 'gmgn', 'smart_degen']",122876.28,39286.91,1243.72,0.0,40.54,40.54,36.36,0.0,340154.14,84593.16,0.0,5457,453,143,2430,3027,1385,1306800.68,4,8,43,0x9ac3caed98f4a4851e441bbcbb5cf3a0ba50724d,0xf93aef165aa359a3496942c6ac37f0a9f05c8851fc33917655ffec8e04748704,2.3,5497,Multichain_Syndicate,0.85,1.7918,1.0
43,0x9a9937d0,ETH_Trader_43,,0x9a9937d0b41931a5ad0c9cfda9ca79b9a78bdad6,unmasked,13540.04,ethereum,1.2641,1.2641,1.2641,1.2641,1.2641,1.2641,6,"['sigma', 'smart_degen', 'arbitrager']",13540.04,1662.63,1157.63,180.35,43.32,46.51,48.89,40.0,34512.6,18019.51,4985.3,713,195,99,400,313,308,785889.23,2,10,5,0x897bccce901cedf765ffad08f560b33329ddabe7,0x9db8ff34a7f7edddb26c5c1a40acb63a8573d5cbf4c5f9b457d43f54d4d53f49,0.1989,103,Multichain_Syndicate,0.85,1.7918,1.0
44,0x54632df3,ETH_Trader_44,,0x54632df3db2f9203caeffe46dd9ae9360b1eb200,unmasked,19604.73,ethereum,5.0537,5.0537,5.0537,5.0537,5.0537,5.0537,6,"['smart_degen', 'gmgn']",19604.73,1932.41,1142.17,0.0,32.75,62.5,50.0,0.0,20292.88,8789.19,0.0,705,36,16,293,412,315,1066590.4,1,4,3,0x4779c55e73fe8a0327c8afca167f66034b61f22a,0xe199e5e4c97eab830454a762827c165bb04aaf8371c8a6f3f9e6367f7270e36a,1.8,70,Multichain_Syndicate,0.85,1.7918,1.0
45,delucinator,yieldfarming,delucinator,0x473d3a2005499301dc353afa9d0c9c5980b5188c,unmasked,-457024.87,ethereum,0.074,0.074,0.074,0.074,0.074,0.074,0,['kol'],-457024.87,1248.68,1064.82,0.0,16.92,9.38,33.33,50.0,1585818.62,9784.18,0.0,627,16,1,298,329,433,3551853.98,0,0,4,0x6a000f20005980200259b80c5102003040001068,,62.6199,28384,Ethereum_Whale_Accumulator,0.85,1.1562,1.0
46,0xRell,Rell,0xRell,0x3391a39a1b508e54a361924a26056c01c1c2c07d,unmasked,23157.82,ethereum,0.2167,0.2167,0.2167,0.2167,0.2167,0.2167,0,"['kol', 'gmgn_go', 'gmgn']",23157.82,256.0,1000.79,-269.04,36.6,50.0,40.0,33.33,76600.82,6956.05,807.61,1575,94,18,873,702,352,1893510.74,0,1,20,0x9d56610c9fdabd06a19486ced80cccca00a2866a,0x1cb20b63bbbeffb660a7f2e40db650beae0309df32e9545efe9fb649022683fe,0.4424,9747,Ethereum_Whale_Accumulator,0.85,1.7918,1.0
47,Able777C,Able777,Able777C,0xf41f0813e3e8670eac65d781adc91cc54525ad68,unmasked,2429.64,ethereum,0.2035,0.2035,0.2035,0.2035,0.2035,0.2035,0,"['gmgn_go', 'kol', 'gmgn']",2429.64,2429.64,962.32,0.0,40.0,40.0,25.0,0.0,32375.07,4793.36,0.0,149,149,28,70,79,20,115180.6,0,0,1,0x679f1c7de559cf077af7bff879e8e8fed76a0b58,0x2344160b8e2220c00eef529553aa297b3301e9cd06a54aea81bd5beca07ddcb7,0.018,3681,Ethereum_Whale_Accumulator,0.85,1.7918,1.0
48,Walkerrzxyz,Walkerrz,Walkerrzxyz,0xcc7b0969e8f622d8435b4ba34a47d70788e87a92,unmasked,1182.48,ethereum,1.7769,1.7769,1.7769,1.7769,1.7769,1.7769,6,"['kol', 'gmgn']",1182.48,1027.51,935.12,171.62,48.57,66.67,66.67,100.0,15421.83,9777.94,3578.1,110,33,22,47,63,50,1626595.29,1,0,2,0xcaa24734ab4b59cb32d5ba047b933b14269b8bba,0xc23a394b632906a9fed572bd8c2ac63dabc7c7f355cf807813370e7c64011881,0.3369,9881,Multichain_Syndicate,0.85,1.7918,1.0
49,Axel_bitblaze69,Axel Bitblaze ,Axel_bitblaze69,0xd2ef10da66727627c68bed148e881c923c1baa77,unmasked,7383.25,ethereum,0.014,0.014,0.014,0.014,0.014,0.014,0,['kol'],7383.25,1524.45,735.26,0.0,11.29,62.5,66.67,66.67,1220.18,1220.18,0.0,103,4,4,14,89,162,3862959.0,0,0,2,0x28c6c06298d514db089934071355e5743bf21d60,,7.1986,129652,Ethereum_Whale_Accumulator,0.85,0.3588,1.0
50,ShinraHQ_,Shinra ,ShinraHQ_,0x150952108f28dcaf4e4542090e67cd2696563944,unmasked,16543.53,ethereum,5.4396,5.4396,5.4396,5.4396,5.4396,5.4396,6,"['smart_degen', 'arbitrager', 'gmgn_go', 'gmgn']",16543.53,7995.5,673.1,258.54,39.24,43.42,39.29,66.67,38497.4,8238.88,734.55,647,179,73,324,323,281,869188.61,5,8,28,0xa815c5a449bcf11fecf9f8a533470bae1489894f,0x543e6f38446e3c57a34fb78df5d847ae39d027ecaf01d3cfb41c342cc9a04d77,7.9279,2749,Multichain_Syndicate,0.85,1.7918,1.0
51,0x1fb07574,ETH_Trader_51,,0x1fb07574dc38c0d50703b2e85c010aebb23a745d,unmasked,17830.67,ethereum,0.6838,0.6838,0.6838,0.6838,0.6838,0.6838,0,"['smart_degen', 'gmgn']",17830.67,74.32,651.2,0.0,41.11,22.58,28.57,50.0,16706.65,11307.21,0.0,744,71,47,389,355,300,1815099.35,2,14,26,0x9696f59e4d72e237be84ffd425dcad154bf96976,0x70d43c73df780729a911be17b1295c209c2b9740cb975219b3cb939dac61b1ce,0.9999,1472,Ethereum_Whale_Accumulator,0.85,1.7918,1.0
52,baolingD,宝灵灯C,baolingD,0xa5435a66362844782ff6503274e99345b43b934b,unmasked,591.82,ethereum,2.326,2.326,2.326,2.326,2.326,2.326,6,"['kol', 'gmgn_go', 'gmgn']",591.82,591.82,647.46,0.0,28.57,28.57,40.0,0.0,7106.11,5542.19,0.0,13,13,11,6,7,7,158.0,0,0,0,0x6e5485708f6178f5c15c260e96f6e220cb81145b,0x1e1bb86b859a1abbd2cd18b409c65bfbdcd92318a28f38629787be992cfce2c2,0.039,18795,Multichain_Syndicate,0.85,1.7918,1.0
53,kurtzxx,kurtz,kurtzxx,0xf78b066050e00fdb9b980e265aa9f317ef4b947c,unmasked,49677.82,ethereum,14.5646,14.5646,14.5646,14.5646,14.5646,14.5646,6,"['kol', 'gmgn_go', 'gmgn']",49677.82,831.37,616.15,-525.61,35.0,60.0,66.67,0.0,8428.83,6100.58,4794.4,59,12,8,26,33,50,2350785.24,0,3,1,0xa295b68bc5b0e8c9c1a97b48fe35dead417e8d1f,0xe8f9bdec85874c5ee85e2b44b99b78a7a3d5000e110257eb9d81079d0a8ec3b2,6.8,127837,Multichain_Syndicate,0.85,1.7918,1.0
54,CupseyV,Cupsey,CupseyV,0x0f84d2da979180394fbf9c4499febd0f602a6767,unmasked,20449.86,ethereum,0.1523,0.1523,0.1523,0.1523,0.1523,0.1523,0,"['kol', 'gmgn_go', 'smart_degen', 'gmgn']",20449.86,2842.85,613.75,-66.42,54.23,59.29,66.67,33.33,72450.08,25004.45,1762.85,1856,334,121,950,906,607,475778.25,0,2,6,0xa9ac43f5b5e38155a288d1a01d2cbc4478e14573,0xbcc7c0d9a2559819903f84584c0793acf60f8eb1a3f8f4477a1b702e072e71ba,0.4997,4544,Ethereum_Whale_Accumulator,0.85,1.7197,1.0
55,HunterOnlyETH,金狗挖掘机 | 0xDavid,HunterOnlyETH,0x7a2363a401b2340c7941dd2eeff0196a5078d2e6,unmasked,105526.12,ethereum,2.7428,2.7428,2.7428,2.7428,2.7428,2.7428,6,"['kol', 'gmgn_go', 'gmgn']",105526.12,3637.73,574.61,217.58,41.69,50.0,46.15,100.0,30193.33,11558.13,896.2,3384,80,35,1403,1981,1016,4879820.97,0,24,54,0xdfd5293d8e347dfe59e90efd55b2956a1343963d,0x6598257979b2d559eab2898482cc9f5ff5fe7b5f4d6552845933848150f351cf,19.9999,32899,Multichain_Syndicate,0.85,1.7918,1.0
56,888upupup,888UP,888upupup,0x94cf7ed19901eb7d487c779e6d1baa87157b2d01,unmasked,986.43,ethereum,0.8241,0.8241,0.8241,0.8241,0.8241,0.8241,0,"['kol', 'arbitrager', 'gmgn_go', 'gmgn']",986.43,502.83,502.83,0.0,37.5,100.0,100.0,0.0,2569.15,2569.15,0.0,49,10,10,25,24,26,4654583.28,1,1,1,0xdfd5293d8e347dfe59e90efd55b2956a1343963d,0x961d8fa53807192ee1c1f0aa9e0af96a2efe5ff4357fb32ba18691f318856557,0.5897,1536,Ethereum_Whale_Accumulator,0.85,1.7918,1.0
57,0xcc32727c,ETH_Trader_57,,0xcc32727cb42740e6a4f0f9c8bf0eba584d9bd377,unmasked,9410.97,ethereum,2.8286,2.8286,2.8286,2.8286,2.8286,2.8286,6,"['smart_degen', 'arbitrager', 'gmgn']",9410.97,7590.86,465.13,0.0,36.84,56.25,33.33,0.0,23372.11,1549.75,0.0,336,102,4,169,167,145,1561014.11,2,12,8,0x4976a4a02f38326660d17bf34b431dc6e2eb2327,0x9b5747362997d325a3206fbf338d171ea1e22fd26097d8030dbea17bc2da9a8a,4.8629,752,Multichain_Syndicate,0.85,1.7918,1.0
58,Huang2024,Huang 黄,Huang2024,0x629fe6d73d5ca48c1b5e4ef35bb7319080c4aba5,unmasked,58310.39,ethereum,0.0052,0.0052,0.0052,0.0052,0.0052,0.0052,0,"['kol', 'gmgn_go', 'gmgn']",58310.39,465.05,449.03,0.0,40.0,50.0,0.0,0.0,7647.36,3089.64,0.0,16,9,4,9,7,11,1971710.18,0,0,1,0x78518e991daca403011da7e1c428efd5819d0af9,0xdae998aa26d8e9c1cc3b6b77aec19b2df73bc0a046abab3938cca1d279887df6,0.05,25425,Ethereum_Whale_Accumulator,0.85,0.1633,1.0
59,punk6995,Barbossa (Crashout arc)‍,punk6995,0xdf2a8e398b97899ecda4db93bb00eee386338d3a,unmasked,7143.24,ethereum,0.9021,0.9021,0.9021,0.9021,0.9021,0.9021,0,"['kol', 'gmgn_go', 'gmgn']",7143.24,1697.51,426.8,0.0,54.84,100.0,100.0,0.0,6598.54,2025.68,0.0,90,9,4,44,46,36,2241986.78,0,3,2,0x06b3dd220941964447796646042bfac9537bd60b,0x43d4cedff2a47d45316138810cd92f029308c5e53c038f4b3d441410946e1d46,1.0,7836,Ethereum_Whale_Accumulator,0.85,1.7918,1.0
60,Gonz1495,Gonz,Gonz1495,0xb0a8ad238ac4cd4fff78080e77933ccefbf785e4,unmasked,74636.5,ethereum,0.991,0.991,0.991,0.991,0.991,0.991,0,"['kol', 'bananagun']",74636.5,240.71,423.96,0.0,44.38,57.14,50.0,100.0,7495.2,952.65,0.0,3518,17,3,2037,1481,1203,2790381.99,14,46,147,0x15392211222b46a0ea85a9a800830486d144848d,,1.0492,1279,Ethereum_Whale_Accumulator,0.85,1.7918,1.0
61,PEPE_Whale69,OG DEGEN,PEPE_Whale69,0x4fbbc9ef478f0eefe88ebd499a598d382cd2c94f,unmasked,422.89,ethereum,0.4351,0.4351,0.4351,0.4351,0.4351,0.4351,0,"['kol', 'gmgn_go', 'gmgn']",422.89,422.89,422.89,0.0,66.67,66.67,66.67,0.0,1632.6,1341.16,0.0,7,7,4,3,4,5,281642.4,0,0,0,0x28c6c06298d514db089934071355e5743bf21d60,0x10b7f3c3613155ea0b2f6dd985488ad68d0b91c31ec931d897cdb24d7fa982a7,0.294,9719,Ethereum_Whale_Accumulator,0.85,1.7918,1.0
62,0x50664ede,ETH_Trader_62,,0x50664ede715e131f584d3e7eaabd7818bb20a068,unmasked,-3394955.47,ethereum,0.4375,0.4375,0.4375,0.4375,0.4375,0.4375,0,['defi_og'],-3394955.47,369.16,369.16,0.0,20.22,50.0,50.0,0.0,0.0,0.0,0.0,456,0,0,162,294,409,3281019.79,0,2,6,0x952fab3b5494e72c3bdc5cf2c156a4061e21eecc,,2.0,29,Ethereum_Whale_Accumulator,0.85,1.7918,1.0
63,0xad6eaa73,ETH_Trader_63,,0xad6eaa735d9df3d7696fd03984379dae02ed8862,unmasked,584925.52,ethereum,0.0208,0.0208,0.0208,0.0208,0.0208,0.0208,0,"['bluechip_owner', 'vc']",584925.52,2809.14,276.15,-701.37,26.67,30.77,25.0,33.33,0.0,0.0,0.0,0,0,0,0,0,404,10175561.83,0,0,0,0x091d1c972cb1648537a2ba78eaba371b1ce18336,,161.0,42,Ethereum_Whale_Accumulator,0.85,0.4826,1.0
64,xuxubaobao0819,旭旭宝宝,xuxubaobao0819,0x9cd581ff7804f5f3caf35f55d3cf73fbf42f0072,unmasked,269.66,ethereum,0.0005,0.0005,0.0005,0.0005,0.0005,0.0005,0,"['kol', 'gmgn_go', 'gmgn']",269.66,269.66,269.66,0.0,100.0,100.0,100.0,0.0,1354.89,1354.89,0.0,3,3,3,1,2,1,504.0,0,0,0,,,,6688,Ethereum_DEX_Scalper,0.85,0.0245,1.0
65,pe___lu,pedrolucio (humble arc ),pe___lu,0x347ffc6db9acc54ac2019795173b9599e8b82bd9,unmasked,328079.01,ethereum,0.32,0.32,0.32,0.32,0.32,0.32,0,"['snipe_bot', 'kol', 'sigma', 'smart_degen', 'gmgn_go', 'gmgn']",328079.01,543.99,254.14,0.0,67.83,36.84,41.67,0.0,23809.39,5687.07,0.0,6719,119,29,3268,3451,2000,1345000.19,57,77,25,0x347ffc6db9acc54ac2019795173b9599e8b82bd9,,0.045,2867,Smart_Alpha_Runner,0.85,1.7918,1.0
66,0x858a4293,ETH_Trader_66,,0x858a4293a9aa59ea2577cc57999f9e3689c01c2a,unmasked,6806.56,ethereum,0.7334,0.7334,0.7334,0.7334,0.7334,0.7334,0,"['sigma', 'smart_degen', 'arbitrager']",6806.56,1036.69,242.49,0.0,53.92,57.89,66.67,100.0,24256.51,4390.9,0.0,357,65,14,204,153,131,2415500.52,1,3,12,0xa9ac43f5b5e38155a288d1a01d2cbc4478e14573,0x98cc8adb486b8029be0d73d45ab942fa04cc0378e9c6b060a809623364fa0ac5,0.3896,17,Ethereum_Whale_Accumulator,0.85,1.7918,1.0
67,0xad40395b,ETH_Trader_67,,0xad40395bd7af5a13bb9040975e5f0caa754c0b00,unmasked,68798.73,ethereum,2.7994,2.7994,2.7994,2.7994,2.7994,2.7994,6,"['smart_degen', 'gmgn']",68798.73,1135.04,190.53,0.0,51.83,40.0,100.0,100.0,15648.88,2042.06,0.0,648,17,3,353,295,382,3402153.21,13,20,16,0xf7c8245051131673177e764b71c1d83661d8d860,,1.5991,281,Multichain_Syndicate,0.85,1.7918,1.0
68,277422149x,荒大宝,277422149x,0x40e569e9b5458c89b4910f3ecfade0f650e92a40,unmasked,458.48,ethereum,0.4751,0.4751,0.4751,0.4751,0.4751,0.4751,0,"['kol', 'gmgn_go', 'gmgn']",458.48,458.48,170.95,0.0,42.0,42.0,42.86,0.0,19356.3,8741.88,0.0,142,142,61,62,80,53,123222.84,0,0,1,0x9a4b28372e81ca04eac156254acb6e3c3a1a23ba,0x8a9b84798f9754a5fb36bdf7c681d235ae693f3631bb25b9823be1da64b0a2e2,0.9523,983,Ethereum_Whale_Accumulator,0.85,1.7918,1.0
69,0x12f775df,ETH_Trader_69,,0x12f775df4d541853e51cc748096f7a4d2f861b75,unmasked,-7745.43,ethereum,0.0123,0.0123,0.0123,0.0123,0.0123,0.0123,0,['smart_degen'],-7745.43,893.17,155.18,0.0,23.4,50.0,33.33,50.0,2935.35,785.24,0.0,561,17,8,307,254,138,1562613.41,0,0,28,0xe6cf7d0e286afbb95eb20183054fc33d2d9d8ff6,0xdd53747507b3df726d623f83be9eb7995cf7f5bec38c8f28e0d4818afcb02825,0.0134,156,Ethereum_Whale_Accumulator,0.85,0.3238,1.0
70,0xc84248de,ETH_Trader_70,,0xc84248de43b69297e56366a26c812146628aca16,unmasked,5641.65,ethereum,3.9131,3.9131,3.9131,3.9131,3.9131,3.9131,6,"['smart_degen', 'arbitrager', 'gmgn']",5641.65,1887.19,140.5,0.0,49.74,54.55,57.14,0.0,75818.74,6574.81,0.0,670,218,18,261,409,200,300812.37,0,0,2,0xb42f812a44c22cc6b861478900401ee759ebead6,,0.0044,1865,Multichain_Syndicate,0.85,1.7918,1.0
71,LidoFinance,Lido,LidoFinance,0x3e40d73eb977dc6a537af587d48316fee66e9c8c,unmasked,-226013.15,ethereum,8.1905,8.1905,8.1905,8.1905,8.1905,8.1905,6,"['builder', 'kol']",-226013.15,19379.98,130.72,0.0,50.0,0.0,0.0,0.0,0.0,0.0,0.0,0,0,0,0,0,63,11911132.0,0,0,0,0x336bcb1f4ebd27eca5ae010ef7bf6ff132fc9f4e,,0.002,228238,Multichain_Syndicate,0.85,1.7918,1.0
72,CryptoCharming,CryptoCharming ,CryptoCharming,0xcc291dcd83bd9f2600cca4d65ae3b724eaf4f5a9,unmasked,8498.53,ethereum,4.9043,4.9043,4.9043,4.9043,4.9043,4.9043,6,"['gmgn_go', 'kol', 'gmgn', 'smart_degen']",8498.53,8498.53,118.01,0.0,100.0,100.0,100.0,0.0,42496.54,806.28,0.0,36,36,3,14,22,29,1052497.93,0,1,0,0x2f2fd6a85a8f58a2a3c47b755bb79af2c2dd2799,0x1ae9d13138720f991d4dc26231bd38987855b9668ca6d044d904d97b6c7d8b64,2.595,21407,Multichain_Syndicate,0.85,1.7918,1.0
73,eggybug42069,eggy,eggybug42069,0xbd6ebc277890dbf41283427f64b568906d5a96ec,unmasked,92512.12,ethereum,0.0068,0.0068,0.0068,0.0068,0.0068,0.0068,0,"['kol', 'bluechip_owner']",92512.12,780.65,103.88,0.0,22.22,50.0,100.0,100.0,1292.26,160.83,0.0,240,3,1,65,175,88,3369152.0,1,1,14,0x5c7bcd6e7de5423a257d81b442095a1a6ced35c5,,0.1277,10257,Ethereum_Whale_Accumulator,0.85,0.2032,1.0
74,0xab4a8a52,ETH_Trader_74,,0xab4a8a526d63af3ab39eb6f6b072ca12176c78d6,unmasked,1065.3,ethereum,0.524,0.524,0.524,0.524,0.524,0.524,0,"['smart_degen', 'gmgn_go', 'gmgn']",1065.3,238.14,87.57,96.17,38.89,36.84,0.0,0.0,13748.2,1586.26,1081.81,158,56,4,69,89,81,1136048.44,0,0,0,0x64c1ef7721d863f2ab2427ef44cc98f865831618,0x270e10859eb0ec868d79f62af77fcb73ee29acd2e0a214a6288729db199c943b,0.0352,108,Ethereum_Whale_Accumulator,0.85,1.7918,1.0
75,1d34h4z4rd,ideahazard,1d34h4z4rd,0xd33cbaad2d21810530351b86208d69ab6e184b40,unmasked,50804.92,ethereum,0.0139,0.0139,0.0139,0.0139,0.0139,0.0139,0,['kol'],50804.92,85.29,85.29,0.0,47.06,100.0,100.0,100.0,0.0,0.0,0.0,364,0,0,276,88,89,4835807.0,3,0,5,,,,18411,Ethereum_Whale_Accumulator,0.85,0.3559,1.0
76,key_sero,KhunChan,key_sero,0x4cb75146e98562c9d79b31649c6c739e4dcb7cd5,unmasked,-1640.07,ethereum,0.5113,0.5113,0.5113,0.5113,0.5113,0.5113,0,"['kol', 'arbitrager']",-1640.07,78.67,82.92,0.0,11.81,9.09,50.0,0.0,713.98,115.45,0.0,370,5,1,153,217,554,6732871.12,0,1,13,0xa09651d00fbf0b55fbe6bb8b7896d530eed70f5a,,0.1119,5364,Ethereum_Whale_Accumulator,0.85,1.7918,1.0
77,0xa44db311,ETH_Trader_77,,0xa44db311bf4401469d27f251b35928ddda047bf3,unmasked,11495.1,ethereum,0.0583,0.0583,0.0583,0.0583,0.0583,0.0583,0,"['sigma', 'smart_degen']",11495.1,336.92,76.72,-63.0,40.43,46.15,50.0,0.0,5364.55,1367.09,196.63,1537,38,12,809,728,685,4530235.5,9,37,82,0xeba88149813bec1cccccfdb0dacefaaa5de94cb1,,0.1485,63,Ethereum_Whale_Accumulator,0.85,0.9946,1.0
78,zsf11221,小易,zsf11221,0xe4ef584eb114335ad6deedf89d845527a06e1d28,unmasked,-728.47,ethereum,0.0029,0.0029,0.0029,0.0029,0.0029,0.0029,0,['kol'],-728.47,73.7,73.7,0.0,23.53,50.0,50.0,0.0,842.07,842.07,0.0,102,4,4,62,40,36,4351762.86,0,0,5,0x28c6c06298d514db089934071355e5743bf21d60,0x024c684e4977dbfe957915e4fe7af93909f84d96b158c62fd5afdb66b8744875,0.1061,12124,Ethereum_Whale_Accumulator,0.85,0.1005,1.0
79,0xbc5e8874,ETH_Trader_79,,0xbc5e88747673275d2c7e5dd9c1295a4d728dede6,unmasked,61.48,ethereum,0.0014,0.0014,0.0014,0.0014,0.0014,0.0014,0,['kol'],61.48,61.48,61.48,-10.6,11.11,16.67,16.67,0.0,959.88,959.88,452.15,10,10,10,4,6,33,2880316.0,0,0,0,0xff0f50fa7016e4390cb6b069347c635cfd035c6b,0x185a5a22a4f4c1cc4b370466b8e78be4baa004e76598d3a6c68c846269732d4e,0.0091,176,Ethereum_Whale_Accumulator,0.85,0.0565,1.0
80,0x591be26c,ETH_Trader_80,,0x591be26c53aa3ed600c1c994ecbc2deb545bebb4,unmasked,121445.44,ethereum,0.0195,0.0195,0.0195,0.0195,0.0195,0.0195,0,['snipe_bot'],121445.44,55.55,55.55,0.0,60.52,0.0,0.0,0.0,0.0,0.0,0.0,1767,0,0,918,849,813,6077993.67,39,33,59,0x3e1a893184ccd858c9a3cf654889d93c77c36b5c,,0.2,346,Ethereum_Whale_Accumulator,0.85,0.4615,1.0
81,aboy_nuel,knightt,aboy_nuel,0xa41d7cca4f220c286cf1b6d408882aca4dd3130d,unmasked,131.86,ethereum,0.0024,0.0024,0.0024,0.0024,0.0024,0.0024,0,['kol'],131.86,118.46,52.08,22.94,22.73,100.0,100.0,0.0,159.76,82.87,28.39,35,6,4,11,24,73,6396295.62,0,0,2,0x0442e3f21bd41bfdfa0ad68e7473de3333c1fe59,,0.02,7137,Ethereum_Whale_Accumulator,0.85,0.0878,1.0
82,HeesMerced,MercedHees,HeesMerced,0xa007ccf234d7e5306615035bba0d32b0f5d25bde,unmasked,-2053.84,ethereum,0.9546,0.9546,0.9546,0.9546,0.9546,0.9546,0,['kol'],-2053.84,43.91,43.91,0.0,13.04,50.0,100.0,0.0,2710.7,2710.7,0.0,60,3,3,32,28,71,5347469.71,0,0,3,0x5c7bcd6e7de5423a257d81b442095a1a6ced35c5,,0.1095,5974,Ethereum_Whale_Accumulator,0.85,1.7918,1.0
83,Tma_420,T.M.A,Tma_420,0xdbd47f66aa2f00b3db03397f260ce9728298c495,unmasked,1126.33,ethereum,0.049,0.049,0.049,0.049,0.049,0.049,0,"['kol', 'arbitrager']",1126.33,39.42,39.42,0.0,18.75,20.0,50.0,100.0,1109.89,1109.89,0.0,151,2,2,63,88,184,4426448.59,0,0,2,0x0000000000000068f116a894984e2db1123eb395,,0.0547,62079,Ethereum_Whale_Accumulator,0.85,0.8866,1.0
84,thegreatola,Ola Ξlixir,thegreatola,0x33662e2a6f52348b8808903d948ad0456fd57b31,unmasked,-0.66,ethereum,0.0704,0.0704,0.0704,0.0704,0.0704,0.0704,0,['kol'],-0.66,22.83,22.83,0.0,0.0,0.0,0.0,0.0,625.72,625.72,0.0,12,1,1,2,10,28,6791326.67,0,0,0,0x0000000000000068f116a894984e2db1123eb395,,0.0477,105522,Ethereum_Whale_Accumulator,0.85,1.1204,1.0
85,0x574793c2,ETH_Trader_85,,0x574793c29e7013b985dfccf0e3639456769c8108,unmasked,18096.1,ethereum,0.001,0.001,0.001,0.001,0.001,0.001,0,"['smart_degen', 'arbitrager', 'gmgn_go', 'gmgn']",18096.1,2031.37,13.64,0.0,30.3,33.68,50.0,50.0,51476.95,635.37,0.0,2714,249,2,1294,1420,693,891337.97,1,10,38,0x5babe600b9fcd5fb7b66c0611bf4896d967b23a1,0xf321140c6e4594981f62a7003383b65f9296bb72e4a6b791c441b21033803a0b,0.2999,115,Ethereum_Whale_Accumulator,0.85,0.0418,1.0
86,yaoyaogm,YeFan 叶凡 ,yaoyaogm,0xec82fa0b5956f0fe2c4ab4dd12b4514127787350,unmasked,238.86,ethereum,0.0001,0.0001,0.0001,0.0001,0.0001,0.0001,0,"['kol', 'arbitrager']",238.86,360.83,10.89,0.0,17.54,40.0,100.0,100.0,834.63,63.17,0.0,184,30,5,90,94,109,3238140.84,1,2,12,0x5babe600b9fcd5fb7b66c0611bf4896d967b23a1,,0.0018,20059,Ethereum_Whale_Accumulator,0.85,0.0035,1.0
87,CryptoMage_YT,CryptoMage ‍,CryptoMage_YT,0x1609f039a96ce10756f5c6d403a80400dc081a02,unmasked,700.1,ethereum,0.0574,0.0574,0.0574,0.0574,0.0574,0.0574,0,['kol'],700.1,9.99,9.99,0.0,19.05,0.0,0.0,0.0,0.0,0.0,0.0,38,0,0,12,26,49,6251839.4,0,0,2,0xf70da97812cb96acdf810712aa562db8dfa3dbef,,0.9998,15272,Ethereum_Whale_Accumulator,0.85,0.9843,1.0
88,bizyugo,bizyugo.hl,bizyugo,0x11d67fa925877813b744abc0917900c2b1d6eb81,unmasked,194592.24,ethereum,3.5889,3.5889,3.5889,3.5889,3.5889,3.5889,6,"['bluechip_owner', 'kol']",194592.24,0.78,0.78,0.78,15.04,27.27,42.86,42.86,10.29,10.29,10.29,764,1,1,279,485,566,3426325.37,0,0,14,0x77b2043768d28e9c9ab44e1abfc95944bce57931,,0.4987,74727,Multichain_Syndicate,0.85,1.7918,1.0
89,1CryptoMama,CryptoMaMa,1CryptoMama,0xfbd2291b98e612a64c4f81e40657354743df3ef9,unmasked,-76.45,ethereum,0.0116,0.0116,0.0116,0.0116,0.0116,0.0116,0,['kol'],-76.45,0.34,0.34,0.0,5.26,0.0,0.0,0.0,24.38,24.38,0.0,34,1,1,11,23,68,3227116.0,0,0,0,0x0000000000000068f116a894984e2db1123eb395,,2.7216,136997,Ethereum_Whale_Accumulator,0.85,0.3105,1.0
90,k2_nft,Nayib,k2_nft,0xeae49a86f0ffb1a1ff0979a6ca4c0701b03c0f4c,unmasked,592.05,ethereum,1.8842,1.8842,1.8842,1.8842,1.8842,1.8842,6,['kol'],592.05,0.0,0.0,0.0,30.0,0.0,0.0,0.0,0.0,0.0,0.0,236,0,0,122,114,123,10918243.0,0,2,1,0x0000000000a39bb272e79075ade125fd351887ac,,6.5912,50,Multichain_Syndicate,0.85,1.7918,1.0
91,0xe1962110,ETH_Trader_91,,0xe19621107b963d6b69b55e4bfe2f124751b1143e,unmasked,0.0,ethereum,0.0049,0.0049,0.0049,0.0049,0.0049,0.0049,0,['vc'],0.0,0.0,0.0,0.0,0.0,0.0,0.0,0.0,0.0,0.0,0.0,0,0,0,0,0,0,0.0,0,0,0,,,,2,Ethereum_DEX_Scalper,0.85,0.1557,1.0
92,0xe7b31035,ETH_Trader_92,,0xe7b31035db229b3cfc68a7a225df30b41ff1ec93,unmasked,2686.47,ethereum,0.0004,0.0004,0.0004,0.0004,0.0004,0.0004,0,['smart_degen'],2686.47,0.0,0.0,0.0,29.73,34.62,0.0,0.0,0.0,0.0,0.0,681,0,0,340,341,87,178119.44,2,1,1,0x9d8d36ed2357e1a6353186f37f38946b80fe0d0d,0x99fae5986e57b281314ca9e1ad6c431fb25e8ed861a7d678b825fa4f61a70639,0.0283,8,Ethereum_Whale_Accumulator,0.85,0.0183,1.0
93,0xrap9,不知名打狗大师,0xrap9,0xa1426c6f65fe804e05ce3c07a42412d735ef78bc,unmasked,12694.56,ethereum,0.0005,0.0005,0.0005,0.0005,0.0005,0.0005,0,"['kol', 'gmgn_go', 'gmgn']",12694.56,259.5,0.0,0.0,38.6,100.0,0.0,0.0,2719.57,0.0,0.0,620,6,0,324,296,176,1658689.49,1,2,5,0x898250e42a1e516328852c4d26bfbfecf0182164,0x5c4b9354053f68f9420cd224f98463e563f9f04925407d4a3c42273b59bb87ca,0.2513,2023,Ethereum_Whale_Accumulator,0.85,0.0213,1.0
94,bielzinn,bielzin,bielzinn,0x0a907d90259efa012c06b3e4352851f4a125340a,unmasked,39.21,ethereum,0.0008,0.0008,0.0008,0.0008,0.0008,0.0008,0,"['kol', 'arbitrager']",39.21,26.56,0.0,0.0,33.33,0.0,0.0,0.0,165.01,0.0,0.0,11,4,0,0,11,10,4265234.0,0,0,0,0x0000000000000068f116a894984e2db1123eb395,,0.014,7323,Ethereum_Whale_Accumulator,0.85,0.0325,1.0
95,0x90a48d5c,ETH_Trader_95,,0x90a48d5cf7343b08da12e067680b4c6dbfe551be,unmasked,6641.6,ethereum,21.7818,21.7818,21.7818,21.7818,21.7818,21.7818,6,['builder'],6641.6,6478.48,0.0,0.0,50.0,100.0,100.0,0.0,0.0,0.0,0.0,0,0,0,0,0,387,7040301.68,0,0,0,0xa03be496e67ec29bc62f01a428683d7f9c204930,,0.4436,14,Multichain_Syndicate,0.85,1.7918,1.0
96,New100xGems,New 100x Gems,New100xGems,0x78f210557fcd6663f162c75ed0d96108e42e4f9c,unmasked,75.75,ethereum,0.0036,0.0036,0.0036,0.0036,0.0036,0.0036,0,"['kol', 'gmgn_go', 'gmgn']",75.75,55.02,0.0,0.0,100.0,100.0,100.0,0.0,734.7,50.1,0.0,23,14,1,16,7,10,3664069.0,0,0,0,0x9642b23ed1e01df1092b92641051881a322f5d4e,0x2c67f635357f62ef2b64435f7d63505f89f2d1bc84ec0ddba05a800a3b8c7203,0.0103,18797,Ethereum_Whale_Accumulator,0.85,0.1208,1.0
97,cryptamurai,Cryptamurai ,cryptamurai,0x9b7d7c4ce98036c4d6f3d638a00e220e083116c7,unmasked,-41939.73,ethereum,0.0019,0.0019,0.0019,0.0019,0.0019,0.0019,0,['kol'],-41939.73,74.12,0.0,0.0,4.65,100.0,100.0,0.0,412.45,0.0,0.0,183,1,0,91,92,114,5654550.67,0,0,3,0xf2369008053ca8e6fd7a0ccea3baf0915eff1149,0xe5a7590dc12c7de6a4c7214f6ecaadf1503689b854af63afa3774d70a2112064,0.0035,6684,Ethereum_Whale_Accumulator,0.85,0.0722,1.0
98,xingxingxing88,吉星,xingxingxing88,0x987bbfe6c2fa4841ccd0da669998b3ef25235cff,unmasked,4566.38,ethereum,0.0004,0.0004,0.0004,0.0004,0.0004,0.0004,0,"['smart_degen', 'arbitrager', 'gmgn', 'gmgn_go']",4566.38,631.96,0.0,0.0,40.74,42.86,0.0,0.0,6980.11,0.0,0.0,1806,44,0,868,938,391,1195673.47,0,0,7,0xbc1bd628155cb8de7babd889d4409b645f67a927,0x92628846b29beae5f6ced1115e10832cc6af22a725ba5ffd7571e8074f3b6b5f,0.068,746,Ethereum_Whale_Accumulator,0.85,0.0181,1.0
99,3azima85,Azima ,3azima85,0x9d156bc7c8768294510a4a41883d5a4eb15b15e3,unmasked,108603.81,ethereum,0.0019,0.0019,0.0019,0.0019,0.0019,0.0019,0,['kol'],108603.81,223.35,0.0,0.0,19.49,0.0,0.0,0.0,1168.53,0.0,0.0,526,2,0,227,299,506,3240133.29,3,6,52,0x09350f89e2d7b6e96ba730783c2d76137b045fef,,0.0102,7606,Ethereum_Whale_Accumulator,0.85,0.0713,1.0
100,0x1f0fb5bd,ETH_Trader_100,,0x1f0fb5bd8462ce044f34e77da6fb6891c81bae87,unmasked,8965.87,ethereum,0.0044,0.0044,0.0044,0.0044,0.0044,0.0044,0,"['sigma', 'smart_degen', 'arbitrager', 'gmgn']",8965.87,765.13,0.0,0.0,42.71,42.11,0.0,0.0,8590.93,0.0,0.0,597,38,0,301,296,221,1533415.58,3,1,6,0x28c6c06298d514db089934071355e5743bf21d60,0x74cccbfabc352951c1e39332213e321196710f638d04df78e39e8b21217feccd,0.8699,102,Ethereum_Whale_Accumulator,0.85,0.1435,1.0
